Fixture ID,Date,Referee,Venue,City,Home Team,Away Team,Home Team Goals,Away Team Goals,Result,Home Shots on Goal,Home Shots off Goal,Home Total Shots,Home Blocked Shots,Home Shots insidebox,Home Shots outsidebox,Home Fouls,Home Corner Kicks,Home Offsides,Home Ball Possession,Home Yellow Cards,Home Red Cards,Home Goalkeeper Saves,Home Total passes,Home Passes accurate,Home Passes %,Away Shots on Goal,Away Shots off Goal,Away Total Shots,Away Blocked Shots,Away Shots insidebox,Away Shots outsidebox,Away Fouls,Away Corner Kicks,Away Offsides,Away Ball Possession,Away Yellow Cards,Away Red Cards,Away Goalkeeper Saves,Away Total passes,Away Passes accurate,Away Passes %,Home expected_goals,Away expected_goals,Home_Points,Home_Goals_Scored,Home_Goals_Conceded,Home_Wins,Home_Draws,Home_Losses,Home_Form_Score,Away_Points,Away_Goals_Scored,Away_Goals_Conceded,Away_Wins,Away_Draws,Away_Losses,Away_Form_Score
710556,2021-08-13 19:00:00+00:00,M. Oliver,Brentford Community Stadium,"Brentford, Middlesex",Brentford,Arsenal,2,0,Home Win,3,5,8,0,7,1,12,2,1,35%,0,0,4,309,201,65%,4,14,22,4,13,9,8,5,1,65%,0,0,1,568,488,86%,0,0,0.0,0.0,0.0,0.0,0.0,0.0,0.0,0.0,0.0,0.0,0.0,0.0,0.0,0.0
710561,2021-08-14 11:30:00+00:00,P. Tierney,Old Trafford,Manchester,Manchester United,Leeds,5,1,Home Win,8,5,16,3,12,4,11,5,2,49%,1,0,2,422,334,79%,3,6,10,1,3,7,9,4,3,51%,2,0,3,438,343,78%,0,0,0.0,0.0,0.0,0.0,0.0,0.0,0.0,0.0,0.0,0.0,0.0,0.0,0.0,0.0
710565,2021-08-14 14:00:00+00:00,M. Dean,Vicarage Road,Watford,Watford,Aston Villa,3,2,Home Win,7,4,13,2,9,4,18,2,0,38%,3,0,0,317,234,74%,2,6,11,3,4,7,13,4,2,62%,1,0,4,508,435,86%,0,0,0.0,0.0,0.0,0.0,0.0,0.0,0.0,0.0,0.0,0.0,0.0,0.0,0.0,0.0
710557,2021-08-14 14:00:00+00:00,D. Coote,Turf Moor,Burnley,Burnley,Brighton,1,2,Away Win,3,8,14,3,8,6,10,7,1,36%,2,0,4,259,181,70%,8,4,14,2,12,2,7,6,0,64%,1,0,2,518,424,82%,0,0,0.0,0.0,0.0,0.0,0.0,0.0,0.0,0.0,0.0,0.0,0.0,0.0,0.0,0.0
710559,2021-08-14 14:00:00+00:00,A. Madley,Goodison Park,Liverpool,Everton,Southampton,3,1,Home Win,6,5,14,3,11,3,13,6,0,48%,2,0,2,337,235,70%,3,1,6,2,5,1,15,8,0,52%,0,0,3,370,256,69%,0,0,0.0,0.0,0.0,0.0,0.0,0.0,0.0,0.0,0.0,0.0,0.0,0.0,0.0,0.0
710560,2021-08-14 14:00:00+00:00,C. Pawson,King Power Stadium,"Leicester, Leicestershire",Leicester,Wolves,1,0,Home Win,5,3,9,1,6,3,6,5,5,56%,1,0,3,584,505,86%,3,7,17,7,12,5,10,4,4,44%,2,0,4,443,366,83%,0,0,0.0,0.0,0.0,0.0,0.0,0.0,0.0,0.0,0.0,0.0,0.0,0.0,0.0,0.0
710558,2021-08-14 14:00:00+00:00,J. Moss,Stamford Bridge,London,Chelsea,Crystal Palace,3,0,Home Win,6,5,13,2,5,8,15,5,0,62%,0,0,1,678,623,92%,1,2,4,1,4,0,11,2,1,38%,0,0,3,423,363,86%,0,0,0.0,0.0,0.0,0.0,0.0,0.0,0.0,0.0,0.0,0.0,0.0,0.0,0.0,0.0
710563,2021-08-14 16:30:00+00:00,A. Marriner,Carrow Road,"Norwich, Norfolk",Norwich,Liverpool,0,3,Away Win,3,8,14,3,9,5,4,3,2,50%,1,0,3,520,441,85%,8,7,19,4,13,6,14,11,0,50%,1,0,3,512,432,84%,0,0,0.0,0.0,0.0,0.0,0.0,0.0,0.0,0.0,0.0,0.0,0.0,0.0,0.0,0.0
710562,2021-08-15 13:00:00+00:00,M. Atkinson,St. James' Park,Newcastle upon Tyne,Newcastle,West Ham,2,4,Away Win,3,7,17,7,9,8,4,7,1,46%,1,0,4,401,340,85%,9,4,18,5,12,6,3,6,2,54%,0,0,1,473,405,86%,0,0,0.0,0.0,0.0,0.0,0.0,0.0,0.0,0.0,0.0,0.0,0.0,0.0,0.0,0.0
710564,2021-08-15 15:30:00+00:00,A. Taylor,Tottenham Hotspur Stadium,London,Tottenham,Manchester City,1,0,Home Win,3,5,13,5,5,8,11,3,3,34%,2,0,4,293,227,77%,4,9,18,5,11,7,8,11,1,66%,1,0,1,548,469,86%,0,0,0.0,0.0,0.0,0.0,0.0,0.0,0.0,0.0,0.0,0.0,0.0,0.0,0.0,0.0
710571,2021-08-21 11:30:00+00:00,M. Dean,Anfield,Liverpool,Liverpool,Burnley,2,0,Home Win,9,10,27,8,21,6,6,8,3,67%,0,0,3,527,434,82%,3,5,9,1,7,2,12,4,7,33%,0,0,6,263,174,66%,0,0,15.0,15.0,0.0,5.0,0.0,0.0,22.5,0.0,5.0,10.0,0.0,0.0,5.0,-2.5
710567,2021-08-21 14:00:00+00:00,D. Coote,Villa Park,Birmingham,Aston Villa,Newcastle,2,0,Home Win,2,7,10,1,6,4,8,3,3,47%,3,0,1,303,238,79%,1,7,9,1,6,3,18,4,2,53%,4,0,0,333,257,77%,0,0,0.0,10.0,15.0,0.0,0.0,5.0,-2.5,0.0,10.0,20.0,0.0,0.0,5.0,-5.0
710570,2021-08-21 14:00:00+00:00,D. England,Elland Road,"Leeds, West Yorkshire",Leeds,Everton,2,2,Draw,4,6,17,7,7,10,6,8,0,70%,2,0,6,606,517,85%,8,5,17,4,9,8,13,5,0,30%,4,0,2,253,168,66%,0,0,0.0,5.0,25.0,0.0,0.0,5.0,-10.0,15.0,15.0,5.0,5.0,0.0,0.0,20.0
710572,2021-08-21 14:00:00+00:00,G. Scott,Etihad Stadium,Manchester,Manchester City,Norwich,5,0,Home Win,4,6,16,6,7,9,13,6,2,67%,1,0,0,730,684,94%,0,1,1,0,1,0,7,1,3,33%,0,0,0,362,307,85%,0,0,0.0,0.0,5.0,0.0,0.0,5.0,-2.5,0.0,0.0,15.0,0.0,0.0,5.0,-7.5
710569,2021-08-21 14:00:00+00:00,M. Atkinson,Selhurst Park,London,Crystal Palace,Brentford,0,0,Draw,2,5,7,0,5,2,12,3,1,53%,3,0,3,431,324,75%,3,7,14,4,8,6,9,5,2,47%,1,0,2,382,270,71%,0,0,0.0,0.0,15.0,0.0,0.0,5.0,-7.5,15.0,10.0,0.0,5.0,0.0,0.0,20.0
710568,2021-08-21 16:30:00+00:00,A. Taylor,The American Express Community Stadium,"Falmer, East Sussex",Brighton,Watford,2,0,Home Win,3,5,13,5,8,5,11,7,1,57%,4,0,1,585,502,86%,1,5,10,4,7,3,6,2,1,43%,0,0,1,441,365,83%,0,0,15.0,10.0,5.0,5.0,0.0,0.0,17.5,15.0,15.0,10.0,5.0,0.0,0.0,17.5
710575,2021-08-22 13:00:00+00:00,S. Attwell,Molineux Stadium,"Wolverhampton, West Midlands",Wolves,Tottenham,0,1,Away Win,6,9,25,10,14,11,9,5,2,58%,1,0,5,470,394,84%,6,0,8,2,7,1,7,4,0,42%,4,0,6,356,284,80%,0,0,0.0,0.0,5.0,0.0,0.0,5.0,-2.5,15.0,5.0,0.0,5.0,0.0,0.0,17.5
710573,2021-08-22 13:00:00+00:00,C. Pawson,St. Mary's Stadium,"Southampton, Hampshire",Southampton,Manchester United,1,1,Draw,3,4,8,1,3,5,12,7,0,36%,2,0,2,291,201,69%,4,7,15,4,11,4,10,7,2,64%,3,0,3,520,415,80%,0,0,0.0,5.0,15.0,0.0,0.0,5.0,-5.0,15.0,25.0,5.0,5.0,0.0,0.0,25.0
710566,2021-08-22 15:30:00+00:00,P. Tierney,Emirates Stadium,London,Arsenal,Chelsea,0,2,Away Win,3,2,6,1,3,3,10,9,5,35%,3,0,3,335,266,79%,5,6,22,11,15,7,4,8,0,65%,0,0,3,646,574,89%,0,0,0.0,0.0,10.0,0.0,0.0,5.0,-5.0,15.0,15.0,0.0,5.0,0.0,0.0,22.5
710574,2021-08-23 19:00:00+00:00,M. Oliver,London Stadium,London,West Ham,Leicester,4,1,Home Win,7,10,19,2,15,4,8,10,2,51%,0,0,0,502,431,86%,1,2,5,2,4,1,8,0,0,49%,1,1,3,508,427,84%,0,0,15.0,20.0,10.0,5.0,0.0,0.0,20.0,15.0,5.0,0.0,5.0,0.0,0.0,17.5
710580,2021-08-28 11:30:00+00:00,M. Atkinson,Etihad Stadium,Manchester,Manchester City,Arsenal,5,0,Home Win,10,5,25,10,17,8,5,14,1,80%,1,0,0,757,693,92%,0,1,1,0,1,0,7,0,3,20%,2,1,5,185,125,68%,0,0,7.5,12.5,2.5,2.5,0.0,2.5,12.5,0.0,0.0,10.0,0.0,0.0,5.0,-5.0
710582,2021-08-28 14:00:00+00:00,R. Jones,Carrow Road,"Norwich, Norfolk",Norwich,Leicester,1,2,Away Win,4,6,14,4,5,9,8,9,2,44%,2,0,1,369,285,77%,3,5,9,1,7,2,9,9,2,56%,1,0,3,471,364,77%,0,0,0.0,0.0,20.0,0.0,0.0,5.0,-10.0,7.5,5.0,10.0,2.5,0.0,2.5,5.0
710576,2021-08-28 14:00:00+00:00,P. Bankes,Villa Park,Birmingham,Aston Villa,Brentford,1,1,Draw,5,2,7,0,5,2,15,3,1,47%,3,0,1,364,269,74%,2,2,9,5,7,2,14,2,2,53%,3,0,4,435,334,77%,0,0,7.5,10.0,7.5,2.5,0.0,2.5,8.75,10.0,5.0,0.0,2.5,2.5,0.0,12.5
710584,2021-08-28 14:00:00+00:00,S. Attwell,London Stadium,London,West Ham,Crystal Palace,2,2,Draw,4,3,14,7,11,3,10,5,1,46%,1,0,0,378,295,78%,2,3,9,4,6,3,7,3,2,54%,0,0,2,462,380,82%,0,0,15.0,20.0,7.5,5.0,0.0,0.0,21.25,2.5,0.0,7.5,0.0,2.5,2.5,-1.25
710581,2021-08-28 14:00:00+00:00,P. Tierney,St. James' Park,Newcastle upon Tyne,Newcastle,Southampton,2,2,Draw,5,5,10,0,7,3,11,4,5,36%,3,0,4,293,203,69%,6,7,22,9,12,10,6,4,0,64%,3,0,2,525,451,86%,0,0,0.0,5.0,15.0,0.0,0.0,5.0,-5.0,2.5,5.0,10.0,0.0,2.5,2.5,0.0
710577,2021-08-28 14:00:00+00:00,J. Moss,The American Express Community Stadium,"Falmer, East Sussex",Brighton,Everton,0,2,Away Win,3,5,14,6,5,9,7,4,1,66%,1,0,3,612,529,86%,5,4,14,5,8,6,9,5,0,34%,2,0,3,315,243,77%,0,0,15.0,10.0,2.5,5.0,0.0,0.0,18.75,10.0,12.5,7.5,2.5,2.5,0.0,12.5
710579,2021-08-28 16:30:00+00:00,A. Taylor,Anfield,Liverpool,Liverpool,Chelsea,1,1,Draw,7,12,24,5,17,7,13,12,0,66%,0,0,2,695,598,86%,3,1,6,2,6,0,4,3,2,34%,2,1,6,370,268,72%,0,0,15.0,12.5,0.0,5.0,0.0,0.0,21.25,15.0,12.5,0.0,5.0,0.0,0.0,21.25
710578,2021-08-29 13:00:00+00:00,M. Oliver,Turf Moor,Burnley,Burnley,Leeds,1,1,Draw,3,5,12,4,9,3,13,5,2,36%,4,0,1,291,198,68%,2,5,12,5,9,3,9,5,2,64%,3,0,2,521,426,82%,0,0,0.0,2.5,10.0,0.0,0.0,5.0,-3.75,2.5,7.5,17.5,0.0,2.5,2.5,-2.5
710583,2021-08-29 13:00:00+00:00,A. Marriner,Tottenham Hotspur Stadium,London,Tottenham,Watford,1,0,Home Win,8,4,15,3,9,6,8,10,2,58%,3,0,2,500,439,88%,2,4,9,3,6,3,14,3,1,42%,3,0,7,364,297,82%,0,0,15.0,5.0,0.0,5.0,0.0,0.0,17.5,7.5,7.5,10.0,2.5,0.0,2.5,6.25
710585,2021-08-29 15:30:00+00:00,M. Dean,Molineux Stadium,"Wolverhampton, West Midlands",Wolves,Manchester United,0,1,Away Win,6,6,15,3,10,5,7,5,5,44%,3,0,2,427,349,82%,3,5,10,2,7,3,9,7,4,56%,4,0,5,552,478,87%,0,0,0.0,0.0,5.0,0.0,0.0,5.0,-2.5,10.0,15.0,5.0,2.5,2.5,0.0,15.0
710589,2021-09-11 11:30:00+00:00,J. Moss,Selhurst Park,London,Crystal Palace,Tottenham,3,0,Home Win,4,7,18,7,12,6,13,8,0,62%,2,0,1,498,412,83%,1,1,2,0,1,1,15,2,0,38%,3,1,1,314,231,74%,0,0,3.3333333333333335,3.3333333333333335,8.333333333333334,0.0,3.3333333333333335,1.6666666666666667,0.8333333333333334,15.0,5.0,0.0,5.0,0.0,0.0,17.5
710586,2021-09-11 14:00:00+00:00,M. Oliver,Emirates Stadium,London,Arsenal,Norwich,1,0,Home Win,7,13,30,10,21,9,9,8,2,52%,1,0,1,437,365,84%,1,3,10,6,5,5,11,4,0,48%,2,0,5,408,320,78%,0,0,0.0,0.0,15.0,0.0,0.0,5.0,-7.5,0.0,1.6666666666666667,16.666666666666668,0.0,0.0,5.0,-7.5
710587,2021-09-11 14:00:00+00:00,G. Scott,Brentford Community Stadium,"Brentford, Middlesex",Brentford,Brighton,0,1,Away Win,1,6,7,0,5,2,9,1,0,41%,3,0,1,336,250,74%,2,1,4,1,3,1,12,5,2,59%,2,0,1,496,396,80%,0,0,8.333333333333334,5.0,1.6666666666666667,1.6666666666666667,3.3333333333333335,0.0,10.0,10.0,6.666666666666667,5.0,3.3333333333333335,0.0,1.6666666666666667,10.833333333333334
710592,2021-09-11 14:00:00+00:00,P. Tierney,King Power Stadium,"Leicester, Leicestershire",Leicester,Manchester City,0,1,Away Win,1,3,6,2,6,0,4,5,2,40%,1,0,7,364,295,81%,8,7,25,10,21,4,11,8,4,60%,2,0,2,557,501,90%,0,0,10.0,6.666666666666667,8.333333333333334,3.3333333333333335,0.0,1.6666666666666667,9.166666666666668,10.0,16.666666666666668,1.6666666666666667,3.3333333333333335,0.0,1.6666666666666667,17.5
710594,2021-09-11 14:00:00+00:00,D. Coote,St. Mary's Stadium,"Southampton, Hampshire",Southampton,West Ham,0,0,Draw,3,5,11,3,10,1,10,5,0,42%,3,0,3,390,310,79%,3,3,13,7,5,8,12,4,2,58%,3,1,2,541,468,87%,0,0,3.3333333333333335,6.666666666666667,10.0,0.0,3.3333333333333335,1.6666666666666667,1.6666666666666667,11.666666666666668,16.666666666666668,8.333333333333334,3.3333333333333335,1.6666666666666667,0.0,15.833333333333334
710595,2021-09-11 14:00:00+00:00,P. Bankes,Vicarage Road,Watford,Watford,Wolves,0,2,Away Win,2,4,6,0,2,4,15,6,1,44%,3,0,4,370,306,83%,5,6,14,3,9,5,13,8,2,56%,3,0,2,485,428,88%,0,0,5.0,5.0,8.333333333333334,1.6666666666666667,0.0,3.3333333333333335,3.3333333333333335,0.0,0.0,5.0,0.0,0.0,5.0,-2.5
710593,2021-09-11 14:00:00+00:00,A. Taylor,Old Trafford,Manchester,Manchester United,Newcastle,4,1,Home Win,7,9,21,5,12,9,9,7,1,64%,1,0,2,644,581,90%,3,6,12,3,5,7,2,3,3,36%,0,0,2,365,299,82%,0,0,11.666666666666668,11.666666666666668,3.3333333333333335,3.3333333333333335,1.6666666666666667,0.0,15.833333333333334,1.6666666666666667,6.666666666666667,13.333333333333334,0.0,1.6666666666666667,3.3333333333333335,-1.6666666666666667
710588,2021-09-11 16:30:00+00:00,S. Attwell,Stamford Bridge,London,Chelsea,Aston Villa,3,0,Home Win,4,6,12,2,6,6,11,4,2,57%,1,0,6,476,396,83%,6,3,18,9,11,7,11,11,1,43%,4,0,1,344,270,78%,0,0,11.666666666666668,10.0,1.6666666666666667,3.3333333333333335,1.6666666666666667,0.0,15.833333333333334,6.666666666666667,8.333333333333334,6.666666666666667,1.6666666666666667,1.6666666666666667,1.6666666666666667,7.5
710591,2021-09-12 15:30:00+00:00,C. Pawson,Elland Road,"Leeds, West Yorkshire",Leeds,Liverpool,0,3,Away Win,4,4,9,1,8,1,9,2,2,44%,2,1,5,404,328,81%,9,6,30,15,22,8,8,11,4,56%,1,0,4,524,454,87%,0,0,3.3333333333333335,6.666666666666667,13.333333333333334,0.0,3.3333333333333335,1.6666666666666667,0.0,11.666666666666668,10.0,1.6666666666666667,3.3333333333333335,1.6666666666666667,0.0,15.833333333333334
710590,2021-09-13 19:00:00+00:00,M. Atkinson,Goodison Park,Liverpool,Everton,Burnley,3,1,Home Win,6,4,14,4,8,6,3,4,2,52%,1,0,5,416,308,74%,6,3,11,2,7,4,6,6,2,48%,1,0,3,384,261,68%,0,0,11.666666666666668,11.666666666666668,5.0,3.3333333333333335,1.6666666666666667,0.0,15.0,1.6666666666666667,3.3333333333333335,8.333333333333334,0.0,1.6666666666666667,3.3333333333333335,-0.8333333333333334
710601,2021-09-17 19:00:00+00:00,M. Dean,St. James' Park,Newcastle upon Tyne,Newcastle,Leeds,1,1,Draw,7,8,17,2,10,7,9,4,1,35%,2,0,9,301,211,70%,9,9,22,4,10,12,11,5,1,65%,2,0,6,541,460,85%,0,0,1.25,6.25,15.0,0.0,1.25,3.75,-3.125,2.5,5.0,13.75,0.0,2.5,2.5,-1.875
710605,2021-09-18 11:30:00+00:00,D. England,Molineux Stadium,"Wolverhampton, West Midlands",Wolves,Brentford,0,2,Away Win,0,8,11,3,4,7,10,4,2,62%,4,0,1,519,436,84%,3,5,9,1,6,3,7,2,2,38%,4,1,0,324,242,75%,0,0,3.75,2.5,3.75,1.25,0.0,3.75,3.125,6.25,3.75,2.5,1.25,2.5,1.25,6.875
710598,2021-09-18 14:00:00+00:00,A. Taylor,Turf Moor,Burnley,Burnley,Arsenal,0,1,Away Win,3,10,18,5,13,5,9,8,4,45%,2,0,2,392,291,74%,3,4,13,6,6,7,8,3,2,55%,1,0,3,523,420,80%,0,0,1.25,3.75,10.0,0.0,1.25,3.75,-1.875,3.75,1.25,11.25,1.25,0.0,3.75,-1.25
710600,2021-09-18 14:00:00+00:00,J. Moss,Etihad Stadium,Manchester,Manchester City,Southampton,0,0,Draw,1,8,16,7,9,7,5,8,4,64%,0,0,2,555,484,87%,2,2,10,6,6,4,12,5,0,36%,2,0,1,319,239,75%,0,0,11.25,13.75,1.25,3.75,0.0,1.25,17.5,3.75,5.0,7.5,0.0,3.75,1.25,2.5
710599,2021-09-18 14:00:00+00:00,A. Madley,Anfield,Liverpool,Liverpool,Crystal Palace,3,0,Home Win,10,5,25,10,17,8,17,10,1,60%,3,0,2,490,412,84%,2,5,13,6,6,7,11,5,3,40%,1,0,7,332,253,76%,0,0,12.5,11.25,1.25,3.75,1.25,0.0,17.5,6.25,6.25,6.25,1.25,2.5,1.25,6.25
710602,2021-09-18 14:00:00+00:00,R. Jones,Carrow Road,"Norwich, Norfolk",Norwich,Watford,1,3,Away Win,5,3,12,4,7,5,10,4,1,49%,1,0,5,375,304,81%,8,3,12,1,11,1,14,8,0,51%,1,0,4,396,313,79%,0,0,0.0,1.25,13.75,0.0,0.0,5.0,-6.25,3.75,3.75,8.75,1.25,0.0,3.75,1.25
710596,2021-09-18 16:30:00+00:00,C. Pawson,Villa Park,Birmingham,Aston Villa,Everton,3,0,Home Win,3,6,15,6,7,8,7,5,0,56%,1,0,1,384,308,80%,1,5,11,5,8,3,10,4,2,44%,1,0,1,310,228,74%,0,0,5.0,6.25,8.75,1.25,1.25,2.5,3.75,12.5,12.5,5.0,3.75,1.25,0.0,16.25
710604,2021-09-19 13:00:00+00:00,M. Atkinson,London Stadium,London,West Ham,Manchester United,1,2,Away Win,4,5,13,4,6,7,5,2,2,40%,0,0,8,417,348,83%,10,4,17,3,12,5,8,11,0,60%,0,0,3,624,562,90%,0,0,10.0,12.5,6.25,2.5,2.5,0.0,13.125,12.5,13.75,3.75,3.75,1.25,0.0,17.5
710597,2021-09-19 13:00:00+00:00,S. Attwell,The American Express Community Stadium,"Falmer, East Sussex",Brighton,Leicester,2,1,Home Win,5,4,12,3,9,3,8,4,3,37%,2,0,2,322,245,76%,3,5,14,6,7,7,10,9,2,63%,1,0,3,549,471,86%,0,0,11.25,6.25,3.75,3.75,0.0,1.25,12.5,7.5,5.0,7.5,2.5,0.0,2.5,6.25
710603,2021-09-19 15:30:00+00:00,P. Tierney,Tottenham Hotspur Stadium,London,Tottenham,Chelsea,0,3,Away Win,2,4,8,2,3,5,4,5,0,47%,0,0,6,480,395,82%,10,3,20,7,17,3,15,11,1,53%,1,0,2,525,457,87%,0,0,11.25,3.75,3.75,3.75,0.0,1.25,11.25,12.5,11.25,1.25,3.75,1.25,0.0,17.5
710613,2021-09-25 11:30:00+00:00,M. Dean,Old Trafford,Manchester,Manchester United,Aston Villa,0,1,Away Win,4,11,28,13,17,11,9,5,2,60%,2,0,2,409,313,77%,3,3,7,1,4,3,13,5,3,40%,2,0,4,271,187,69%,0,0,13.0,13.0,4.0,4.0,1.0,0.0,17.5,7.0,8.0,7.0,2.0,1.0,2.0,7.5
710608,2021-09-25 11:30:00+00:00,M. Oliver,Stamford Bridge,London,Chelsea,Manchester City,0,1,Away Win,0,1,5,4,2,3,12,4,3,41%,3,0,2,413,341,83%,4,5,15,6,11,4,10,13,4,59%,2,0,0,599,528,88%,0,0,13.0,12.0,1.0,4.0,1.0,0.0,18.5,10.0,11.0,1.0,3.0,1.0,1.0,15.0
710615,2021-09-25 14:00:00+00:00,J. Gillett,Vicarage Road,Watford,Watford,Newcastle,1,1,Draw,4,6,15,5,7,8,19,5,1,52%,4,0,5,364,280,77%,6,8,20,6,10,10,12,6,1,48%,3,0,3,335,256,76%,0,0,6.0,6.0,8.0,2.0,0.0,3.0,5.0,2.0,6.0,13.0,0.0,2.0,3.0,-1.5
710610,2021-09-25 14:00:00+00:00,D. Coote,Goodison Park,Liverpool,Everton,Norwich,2,0,Home Win,4,3,11,4,7,4,12,6,1,47%,2,0,2,420,345,82%,2,5,10,3,4,6,9,4,0,53%,3,0,2,487,406,83%,0,0,10.0,10.0,7.0,3.0,1.0,1.0,11.5,0.0,2.0,14.0,0.0,0.0,5.0,-6.0
710612,2021-09-25 14:00:00+00:00,C. Kavanagh,King Power Stadium,"Leicester, Leicestershire",Leicester,Burnley,2,2,Draw,5,6,22,11,14,8,10,8,1,67%,2,0,2,576,482,84%,3,4,9,2,4,5,8,3,4,33%,4,0,2,286,193,67%,0,0,6.0,5.0,8.0,2.0,0.0,3.0,4.5,1.0,3.0,9.0,0.0,1.0,4.0,-2.0
710611,2021-09-25 14:00:00+00:00,K. Friend,Elland Road,"Leeds, West Yorkshire",Leeds,West Ham,1,2,Away Win,5,4,15,6,6,9,10,5,2,54%,3,0,5,414,336,81%,7,9,20,4,11,9,6,7,0,46%,2,0,4,348,273,78%,0,0,3.0,5.0,12.0,0.0,3.0,2.0,-0.5,8.0,11.0,7.0,2.0,2.0,1.0,10.0
710607,2021-09-25 16:30:00+00:00,S. Attwell,Brentford Community Stadium,"Brentford, Middlesex",Brentford,Liverpool,3,3,Draw,4,6,12,2,10,2,8,2,4,33%,1,0,3,271,181,67%,6,6,16,4,9,7,7,11,4,67%,1,0,0,561,465,83%,0,0,8.0,5.0,2.0,2.0,2.0,1.0,9.5,13.0,12.0,1.0,4.0,1.0,0.0,18.5
710614,2021-09-26 13:00:00+00:00,A. Madley,St. Mary's Stadium,"Southampton, Hampshire",Southampton,Wolves,0,1,Away Win,6,5,18,7,8,10,12,5,3,57%,0,0,2,497,416,84%,3,0,5,2,5,0,8,5,1,43%,0,0,6,383,283,74%,0,0,4.0,4.0,6.0,0.0,4.0,1.0,3.0,3.0,2.0,5.0,1.0,0.0,4.0,1.5
710606,2021-09-26 15:30:00+00:00,C. Pawson,Emirates Stadium,London,Arsenal,Tottenham,3,1,Home Win,7,4,12,1,7,5,12,4,2,47%,2,0,3,431,357,83%,4,5,10,1,7,3,13,4,4,53%,1,0,4,485,413,85%,0,0,6.0,2.0,9.0,2.0,0.0,3.0,2.5,9.0,3.0,6.0,3.0,0.0,2.0,7.5
710609,2021-09-27 19:00:00+00:00,A. Marriner,Selhurst Park,London,Crystal Palace,Brighton,1,1,Draw,3,2,8,3,4,4,12,6,1,47%,2,0,3,497,413,83%,4,2,8,2,4,4,10,5,0,53%,5,0,2,565,466,82%,0,0,5.0,5.0,8.0,1.0,2.0,2.0,3.5,12.0,7.0,4.0,4.0,0.0,1.0,13.5
710622,2021-10-02 11:30:00+00:00,M. Oliver,Old Trafford,Manchester,Manchester United,Everton,1,1,Draw,6,6,13,1,9,4,10,10,2,72%,1,0,1,700,607,87%,2,6,12,4,10,2,9,1,2,28%,1,0,5,268,183,68%,0,0,10.0,8.0,4.0,3.0,1.0,1.0,12.0,10.0,9.0,6.0,3.0,1.0,1.0,11.5
710625,2021-10-02 14:00:00+00:00,G. Scott,Molineux Stadium,"Wolverhampton, West Midlands",Wolves,Newcastle,2,1,Home Win,3,3,7,1,4,3,15,0,2,52%,0,0,1,460,388,84%,2,3,8,3,5,3,5,4,1,48%,2,0,1,406,323,80%,0,0,6.0,3.0,4.0,2.0,0.0,3.0,5.5,3.0,5.0,10.0,0.0,3.0,2.0,0.5
710617,2021-10-02 14:00:00+00:00,K. Friend,Turf Moor,Burnley,Burnley,Norwich,0,0,Draw,4,3,14,7,10,4,13,9,2,56%,5,0,2,432,331,77%,2,2,10,6,5,5,3,5,1,44%,2,0,5,356,260,73%,0,0,2.0,4.0,9.0,0.0,2.0,3.0,-0.5,0.0,2.0,13.0,0.0,0.0,5.0,-5.5
710618,2021-10-02 14:00:00+00:00,M. Atkinson,Stamford Bridge,London,Chelsea,Southampton,3,1,Home Win,9,6,20,5,17,3,11,7,1,62%,1,0,1,546,468,86%,2,3,6,1,2,4,13,2,0,38%,3,1,6,344,258,75%,0,0,10.0,9.0,2.0,3.0,1.0,1.0,13.5,4.0,3.0,4.0,0.0,4.0,1.0,3.5
710620,2021-10-02 14:00:00+00:00,S. Hooper,Elland Road,"Leeds, West Yorkshire",Leeds,Watford,1,0,Home Win,4,10,20,6,10,10,10,6,0,67%,0,0,1,497,405,81%,1,2,5,2,3,2,16,3,0,33%,3,0,2,242,157,65%,0,0,3.0,5.0,9.0,0.0,3.0,2.0,1.0,4.0,4.0,7.0,1.0,1.0,3.0,2.5
710616,2021-10-02 16:30:00+00:00,J. Moss,The American Express Community Stadium,"Falmer, East Sussex",Brighton,Arsenal,0,0,Draw,2,12,21,7,13,8,8,8,1,58%,2,0,2,497,420,85%,2,5,8,1,4,4,5,5,1,42%,1,0,2,355,268,75%,0,0,10.0,6.0,4.0,3.0,1.0,1.0,11.0,9.0,5.0,8.0,3.0,0.0,2.0,7.5
710623,2021-10-03 13:00:00+00:00,C. Kavanagh,Tottenham Hotspur Stadium,London,Tottenham,Aston Villa,2,1,Home Win,8,6,17,3,9,8,11,5,0,56%,2,0,2,438,349,80%,3,5,14,6,9,5,14,8,1,44%,1,0,6,318,226,71%,0,0,6.0,3.0,9.0,2.0,0.0,3.0,3.0,10.0,7.0,4.0,3.0,1.0,1.0,11.5
710624,2021-10-03 13:00:00+00:00,P. Bankes,London Stadium,London,West Ham,Brentford,1,2,Away Win,5,6,18,7,11,7,16,10,2,60%,2,0,4,424,309,73%,6,3,13,4,11,2,13,6,1,40%,3,0,4,286,184,64%,0,0,8.0,9.0,6.0,2.0,2.0,1.0,9.5,6.0,6.0,5.0,1.0,3.0,1.0,6.5
710619,2021-10-03 13:00:00+00:00,A. Taylor,Selhurst Park,London,Crystal Palace,Leicester,2,2,Draw,4,9,18,5,14,4,15,1,2,60%,2,0,3,557,446,80%,5,2,9,2,6,3,11,3,1,40%,3,0,2,382,262,69%,0,0,6.0,6.0,6.0,1.0,3.0,1.0,6.0,4.0,6.0,10.0,1.0,1.0,3.0,2.0
710621,2021-10-03 15:30:00+00:00,P. Tierney,Anfield,Liverpool,Liverpool,Manchester City,2,2,Draw,4,0,6,2,5,1,10,3,2,49%,3,0,1,501,423,84%,3,4,12,5,9,3,12,4,5,51%,3,0,1,529,443,84%,0,0,11.0,12.0,4.0,3.0,2.0,0.0,15.0,13.0,12.0,0.0,4.0,1.0,0.0,19.0
710635,2021-10-16 11:30:00+00:00,J. Moss,Vicarage Road,Watford,Watford,Liverpool,0,5,Away Win,2,3,6,1,5,1,4,1,8,24%,0,0,4,252,165,65%,8,6,19,5,12,7,10,9,2,76%,0,0,2,816,711,87%,0,0,4.0,4.0,6.0,1.0,1.0,3.0,3.0,9.0,12.0,6.0,2.0,3.0,0.0,12.0
710634,2021-10-16 14:00:00+00:00,D. Coote,St. Mary's Stadium,"Southampton, Hampshire",Southampton,Leeds,1,0,Home Win,5,12,19,2,8,11,16,8,1,45%,2,0,0,362,276,76%,0,2,3,1,2,1,14,1,2,55%,3,0,3,452,347,77%,0,0,3.0,3.0,6.0,0.0,3.0,2.0,1.5,5.0,4.0,7.0,1.0,2.0,2.0,3.5
710630,2021-10-16 14:00:00+00:00,C. Pawson,King Power Stadium,"Leicester, Leicestershire",Leicester,Manchester United,4,2,Home Win,11,6,22,5,13,9,5,4,2,49%,0,0,4,499,425,85%,6,9,18,3,6,12,17,3,3,51%,3,0,7,517,445,86%,0,0,5.0,7.0,8.0,1.0,2.0,2.0,4.5,10.0,8.0,4.0,3.0,1.0,1.0,12.0
710631,2021-10-16 14:00:00+00:00,M. Atkinson,Etihad Stadium,Manchester,Manchester City,Burnley,2,0,Home Win,6,5,15,4,13,2,11,6,0,71%,1,0,2,768,687,89%,2,4,7,1,6,1,5,2,3,29%,0,0,4,318,228,72%,0,0,11.0,9.0,2.0,3.0,2.0,0.0,14.5,3.0,4.0,7.0,0.0,3.0,2.0,1.5
710627,2021-10-16 14:00:00+00:00,M. Oliver,Villa Park,Birmingham,Aston Villa,Wolves,2,3,Away Win,5,7,14,2,10,4,8,6,1,48%,2,0,1,391,314,80%,4,3,9,2,6,3,17,7,2,52%,3,0,3,415,332,80%,0,0,7.0,6.0,6.0,2.0,1.0,2.0,7.0,9.0,5.0,4.0,3.0,0.0,2.0,9.5
710633,2021-10-16 14:00:00+00:00,P. Bankes,Carrow Road,"Norwich, Norfolk",Norwich,Brighton,0,0,Draw,3,5,15,7,5,10,5,8,0,35%,3,0,3,292,204,70%,3,4,11,4,8,3,14,4,0,65%,5,0,2,569,478,84%,0,0,1.0,2.0,8.0,0.0,1.0,4.0,-2.0,8.0,4.0,4.0,2.0,2.0,1.0,8.0
710628,2021-10-16 16:30:00+00:00,A. Taylor,Brentford Community Stadium,"Brentford, Middlesex",Brentford,Chelsea,0,1,Away Win,7,3,17,7,13,4,13,5,1,44%,1,0,0,405,305,75%,1,3,5,1,1,4,8,5,4,56%,1,0,6,540,458,85%,0,0,8.0,8.0,6.0,2.0,2.0,1.0,9.0,10.0,10.0,3.0,3.0,1.0,1.0,13.5
710629,2021-10-17 13:00:00+00:00,S. Attwell,Goodison Park,Liverpool,Everton,West Ham,0,1,Away Win,2,9,15,4,13,2,3,7,0,39%,0,0,3,327,239,73%,4,4,16,8,12,4,3,9,2,61%,2,0,2,539,452,84%,0,0,10.0,8.0,5.0,3.0,1.0,1.0,11.5,5.0,6.0,7.0,1.0,2.0,2.0,4.5
710632,2021-10-17 15:30:00+00:00,A. Marriner,St. James' Park,Newcastle upon Tyne,Newcastle,Tottenham,2,3,Away Win,1,4,7,2,3,4,13,2,0,36%,6,1,1,334,265,79%,4,3,14,7,9,5,4,9,1,64%,1,0,0,612,539,88%,0,0,3.0,6.0,10.0,0.0,3.0,2.0,1.0,6.0,4.0,10.0,2.0,0.0,3.0,3.0
710626,2021-10-18 19:00:00+00:00,M. Dean,Emirates Stadium,London,Arsenal,Crystal Palace,2,2,Draw,6,7,17,4,11,6,7,6,0,54%,1,0,4,544,474,87%,6,3,9,0,3,6,4,3,3,46%,1,0,4,475,402,85%,0,0,10.0,5.0,6.0,3.0,1.0,1.0,9.5,6.0,8.0,8.0,1.0,3.0,1.0,6.0
710636,2021-10-22 19:00:00+00:00,C. Pawson,Emirates Stadium,London,Arsenal,Aston Villa,3,1,Home Win,9,8,22,5,14,8,17,7,1,54%,2,0,3,454,369,81%,4,3,10,3,5,5,10,4,0,46%,5,0,6,392,310,79%,0,0,11.0,7.0,3.0,3.0,2.0,0.0,13.0,6.0,7.0,8.0,2.0,0.0,3.0,5.5
710639,2021-10-23 11:30:00+00:00,A. Madley,Stamford Bridge,London,Chelsea,Norwich,7,0,Home Win,13,7,23,3,11,12,14,5,1,62%,0,0,1,626,567,91%,1,1,3,1,1,2,16,0,0,38%,4,1,7,380,299,79%,0,0,12.0,10.0,2.0,4.0,0.0,1.0,16.0,2.0,1.0,6.0,0.0,2.0,3.0,-0.5
710644,2021-10-23 14:00:00+00:00,C. Kavanagh,St. Mary's Stadium,"Southampton, Hampshire",Southampton,Burnley,2,2,Draw,4,7,16,5,12,4,10,6,1,61%,1,0,3,450,347,77%,5,3,9,1,4,5,11,2,1,39%,3,0,2,284,173,61%,0,0,5.0,2.0,4.0,1.0,2.0,2.0,4.0,2.0,3.0,8.0,0.0,2.0,3.0,-0.5
710641,2021-10-23 14:00:00+00:00,G. Scott,Goodison Park,Liverpool,Everton,Watford,2,5,Away Win,4,6,15,5,11,4,9,3,1,50%,4,0,3,389,293,75%,8,7,20,5,10,10,13,5,0,50%,3,0,2,388,286,74%,0,0,7.0,6.0,6.0,2.0,1.0,2.0,7.0,4.0,4.0,10.0,1.0,1.0,3.0,1.0
710640,2021-10-23 14:00:00+00:00,D. England,Selhurst Park,London,Crystal Palace,Newcastle,1,1,Draw,3,6,15,6,11,4,13,3,2,75%,3,0,0,665,577,87%,2,3,6,1,5,1,9,7,3,25%,4,0,2,214,138,64%,0,0,6.0,8.0,8.0,1.0,3.0,1.0,6.0,2.0,6.0,11.0,0.0,2.0,3.0,-0.5
710642,2021-10-23 14:00:00+00:00,R. Jones,Elland Road,"Leeds, West Yorkshire",Leeds,Wolves,1,1,Draw,4,9,18,5,13,5,15,6,1,63%,2,0,3,494,402,81%,4,2,8,2,5,3,14,3,1,37%,3,0,3,293,194,66%,0,0,4.0,3.0,7.0,1.0,1.0,3.0,2.0,12.0,8.0,5.0,4.0,0.0,1.0,13.5
710638,2021-10-23 16:30:00+00:00,K. Friend,The American Express Community Stadium,"Falmer, East Sussex",Brighton,Manchester City,1,4,Away Win,5,4,10,1,7,3,10,7,2,48%,2,0,8,501,422,84%,14,3,23,6,18,5,6,6,1,52%,3,0,4,566,491,87%,0,0,9.0,4.0,2.0,2.0,3.0,0.0,10.0,11.0,6.0,2.0,3.0,2.0,0.0,13.0
710645,2021-10-24 13:00:00+00:00,P. Tierney,London Stadium,London,West Ham,Tottenham,1,0,Home Win,4,5,13,4,10,3,11,2,1,38%,2,0,4,369,293,79%,4,2,7,1,4,3,4,4,0,62%,1,0,3,637,543,85%,0,0,7.0,5.0,5.0,2.0,1.0,2.0,7.0,6.0,6.0,12.0,2.0,0.0,3.0,3.0
710637,2021-10-24 13:00:00+00:00,S. Hooper,Brentford Community Stadium,"Brentford, Middlesex",Brentford,Leicester,1,2,Away Win,5,6,15,4,10,5,13,9,3,54%,1,0,4,445,340,76%,6,3,10,1,4,6,7,2,1,46%,1,0,4,387,286,74%,0,0,7.0,7.0,6.0,2.0,1.0,2.0,7.5,5.0,9.0,9.0,1.0,2.0,2.0,5.0
710643,2021-10-24 15:30:00+00:00,A. Taylor,Old Trafford,Manchester,Manchester United,Liverpool,0,5,Away Win,4,6,12,2,10,2,10,6,7,37%,6,1,3,409,334,82%,8,5,19,6,12,7,8,3,0,63%,0,0,3,731,651,89%,0,0,7.0,9.0,8.0,2.0,1.0,2.0,7.5,11.0,16.0,5.0,3.0,2.0,0.0,16.5
710648,2021-10-30 11:30:00+00:00,M. Oliver,King Power Stadium,"Leicester, Leicestershire",Leicester,Arsenal,0,2,Away Win,8,5,16,3,8,8,8,7,2,64%,2,0,4,621,541,87%,5,1,9,3,7,2,11,6,1,36%,0,0,8,342,262,77%,0,0,8.0,11.0,9.0,2.0,2.0,1.0,9.0,11.0,9.0,4.0,3.0,2.0,0.0,13.5
710650,2021-10-30 14:00:00+00:00,A. Marriner,Etihad Stadium,Manchester,Manchester City,Crystal Palace,0,2,Away Win,3,4,14,7,10,4,11,7,2,68%,2,1,1,654,562,86%,3,4,8,1,6,2,11,1,5,32%,3,0,3,319,231,72%,0,0,11.0,9.0,3.0,3.0,2.0,0.0,14.0,4.0,6.0,9.0,0.0,4.0,1.0,2.5
710649,2021-10-30 14:00:00+00:00,M. Dean,Anfield,Liverpool,Liverpool,Brighton,2,2,Draw,3,5,14,6,6,8,8,5,1,58%,2,0,4,641,552,86%,6,2,9,1,6,3,5,3,5,42%,2,0,1,464,361,78%,0,0,11.0,18.0,5.0,3.0,2.0,0.0,17.5,6.0,4.0,6.0,1.0,3.0,1.0,5.0
710647,2021-10-30 14:00:00+00:00,J. Moss,Turf Moor,Burnley,Burnley,Brentford,3,1,Home Win,6,9,15,0,9,6,7,4,3,41%,1,0,3,356,245,69%,5,3,12,4,6,6,10,2,4,59%,1,0,2,521,398,76%,0,0,3.0,4.0,7.0,0.0,3.0,2.0,1.5,7.0,8.0,7.0,2.0,1.0,2.0,7.5
710654,2021-10-30 14:00:00+00:00,P. Bankes,Vicarage Road,Watford,Watford,Southampton,0,1,Away Win,4,6,10,0,5,5,16,5,2,39%,2,0,0,297,198,67%,1,6,12,5,9,3,6,8,0,61%,2,0,3,482,364,76%,0,0,7.0,9.0,10.0,2.0,1.0,2.0,6.5,5.0,4.0,6.0,1.0,2.0,2.0,4.0
710651,2021-10-30 14:00:00+00:00,P. Tierney,St. James' Park,Newcastle upon Tyne,Newcastle,Chelsea,0,3,Away Win,1,2,6,3,4,2,14,0,1,21%,3,0,3,198,123,62%,6,6,19,7,9,10,12,2,4,79%,2,0,1,773,698,90%,0,0,3.0,6.0,8.0,0.0,3.0,2.0,2.0,12.0,14.0,2.0,4.0,0.0,1.0,18.0
710653,2021-10-30 16:30:00+00:00,S. Attwell,Tottenham Hotspur Stadium,London,Tottenham,Manchester United,0,3,Away Win,0,6,9,3,4,5,12,10,4,58%,2,0,1,570,486,85%,4,2,10,4,8,2,14,1,1,42%,3,0,0,421,339,81%,0,0,6.0,6.0,10.0,2.0,0.0,3.0,4.0,4.0,5.0,12.0,1.0,1.0,3.0,0.5
710652,2021-10-31 14:00:00+00:00,A. Taylor,Carrow Road,"Norwich, Norfolk",Norwich,Leeds,1,2,Away Win,3,6,14,5,5,9,14,5,0,48%,1,0,3,310,210,68%,6,2,13,5,6,7,23,0,0,52%,4,0,2,345,252,73%,0,0,2.0,1.0,12.0,0.0,2.0,3.0,-3.5,5.0,4.0,5.0,1.0,2.0,2.0,4.5
710646,2021-10-31 16:30:00+00:00,C. Kavanagh,Villa Park,Birmingham,Aston Villa,West Ham,1,4,Away Win,3,5,9,1,6,3,7,3,2,42%,1,1,4,333,244,73%,8,5,21,8,13,8,13,6,0,58%,2,0,2,459,382,83%,0,0,6.0,8.0,8.0,2.0,0.0,3.0,6.0,9.0,6.0,5.0,3.0,0.0,2.0,9.5
710655,2021-11-01 20:00:00+00:00,M. Atkinson,Molineux Stadium,"Wolverhampton, West Midlands",Wolves,Everton,2,1,Home Win,4,3,10,3,8,2,10,4,1,62%,1,0,4,617,523,85%,5,5,14,4,10,4,8,3,2,38%,1,0,2,373,280,75%,0,0,10.0,7.0,6.0,3.0,1.0,1.0,10.5,4.0,5.0,10.0,1.0,1.0,3.0,1.5
710664,2021-11-05 20:00:00+00:00,A. Madley,St. Mary's Stadium,"Southampton, Hampshire",Southampton,Aston Villa,1,0,Home Win,3,4,9,2,5,4,12,10,0,56%,2,0,3,431,347,81%,3,7,14,4,8,6,12,8,2,44%,2,0,2,327,234,72%,0,0,7.0,5.0,6.0,2.0,1.0,2.0,6.5,3.0,6.0,12.0,1.0,0.0,4.0,0.0
710663,2021-11-06 12:30:00+00:00,M. Oliver,Old Trafford,Manchester,Manchester United,Manchester City,0,2,Away Win,1,3,5,1,3,2,9,1,4,33%,1,0,5,400,326,82%,5,7,16,4,12,4,12,9,1,67%,2,0,1,832,762,92%,0,0,4.0,6.0,11.0,1.0,1.0,3.0,1.5,10.0,9.0,5.0,3.0,1.0,1.0,12.0
710659,2021-11-06 15:00:00+00:00,A. Marriner,Stamford Bridge,London,Chelsea,Burnley,1,1,Draw,4,10,25,11,20,5,6,14,1,70%,1,0,1,660,570,86%,2,2,5,1,3,2,9,2,4,30%,4,0,4,285,197,69%,0,0,12.0,14.0,2.0,4.0,0.0,1.0,18.0,6.0,7.0,7.0,1.0,3.0,1.0,6.0
710660,2021-11-06 15:00:00+00:00,G. Scott,Selhurst Park,London,Crystal Palace,Wolves,2,0,Home Win,6,5,13,2,12,1,14,4,1,60%,2,0,2,547,459,84%,2,2,4,0,2,2,13,6,1,40%,1,0,4,360,268,74%,0,0,7.0,8.0,6.0,1.0,4.0,0.0,8.0,13.0,9.0,5.0,4.0,1.0,0.0,15.0
710657,2021-11-06 15:00:00+00:00,J. Gillett,Brentford Community Stadium,"Brentford, Middlesex",Brentford,Norwich,1,2,Away Win,7,5,19,7,17,2,12,6,2,65%,2,0,4,559,435,78%,5,3,9,1,4,5,13,2,3,35%,3,0,6,313,211,67%,0,0,4.0,7.0,10.0,1.0,1.0,3.0,2.5,2.0,1.0,11.0,0.0,2.0,3.0,-3.0
710658,2021-11-06 17:30:00+00:00,D. Coote,The American Express Community Stadium,"Falmer, East Sussex",Brighton,Newcastle,1,1,Draw,5,6,14,3,10,4,16,2,1,66%,3,1,1,654,591,90%,1,4,6,1,4,2,10,5,1,34%,4,0,4,326,259,79%,0,0,4.0,4.0,7.0,0.0,4.0,1.0,2.5,2.0,5.0,10.0,0.0,2.0,3.0,-0.5
710656,2021-11-07 14:00:00+00:00,K. Friend,Emirates Stadium,London,Arsenal,Watford,1,0,Home Win,6,5,14,3,6,8,6,4,3,61%,4,0,1,488,409,84%,1,2,7,4,4,3,19,2,3,39%,4,1,5,316,228,72%,0,0,11.0,10.0,4.0,3.0,2.0,0.0,14.0,4.0,6.0,10.0,1.0,1.0,3.0,2.0
710661,2021-11-07 14:00:00+00:00,C. Kavanagh,Goodison Park,Liverpool,Everton,Tottenham,0,0,Draw,2,4,12,6,8,4,13,4,1,45%,2,1,0,428,346,81%,0,4,8,4,5,3,17,2,2,55%,4,0,2,534,453,85%,0,0,4.0,6.0,9.0,1.0,1.0,3.0,2.5,6.0,6.0,10.0,2.0,0.0,3.0,4.0
710662,2021-11-07 14:00:00+00:00,D. England,Elland Road,"Leeds, West Yorkshire",Leeds,Leicester,1,1,Draw,5,9,18,4,10,8,12,10,1,56%,1,0,2,431,334,77%,3,6,9,0,7,2,5,5,2,44%,1,0,4,356,253,71%,0,0,7.0,5.0,5.0,2.0,1.0,2.0,7.0,8.0,10.0,9.0,2.0,2.0,1.0,8.5
710665,2021-11-07 16:30:00+00:00,C. Pawson,London Stadium,London,West Ham,Liverpool,3,2,Home Win,3,2,7,2,5,2,11,3,2,31%,1,0,3,299,211,71%,5,5,16,6,12,4,6,2,0,69%,1,0,1,683,590,86%,0,0,12.0,9.0,4.0,4.0,0.0,1.0,14.5,9.0,17.0,7.0,2.0,3.0,0.0,14.0
710668,2021-11-20 12:30:00+00:00,P. Tierney,King Power Stadium,"Leicester, Leicestershire",Leicester,Chelsea,0,3,Away Win,3,1,4,0,1,3,15,3,3,38%,3,0,4,374,274,73%,7,7,16,2,9,7,8,5,4,62%,1,0,3,607,516,85%,0,0,8.0,9.0,8.0,2.0,2.0,1.0,8.5,13.0,15.0,2.0,4.0,1.0,0.0,19.5
710671,2021-11-20 15:00:00+00:00,R. Jones,St. James' Park,Newcastle upon Tyne,Newcastle,Brentford,3,3,Draw,9,9,23,5,16,7,13,8,0,52%,2,0,1,354,256,72%,4,4,10,2,6,4,11,2,2,48%,2,0,6,335,226,67%,0,0,2.0,5.0,10.0,0.0,2.0,3.0,-0.5,3.0,5.0,9.0,1.0,0.0,4.0,1.0
710674,2021-11-20 15:00:00+00:00,J. Moss,Vicarage Road,Watford,Watford,Manchester United,4,1,Home Win,7,6,20,7,15,5,7,8,1,39%,2,0,2,335,224,67%,3,5,9,1,8,1,5,3,4,61%,3,1,3,553,442,80%,0,0,3.0,5.0,10.0,1.0,0.0,4.0,0.5,4.0,6.0,12.0,1.0,1.0,3.0,1.0
710675,2021-11-20 15:00:00+00:00,M. Dean,Molineux Stadium,"Wolverhampton, West Midlands",Wolves,West Ham,1,0,Home Win,5,7,15,3,8,7,6,7,0,52%,1,0,3,530,452,85%,3,3,8,2,3,5,9,3,1,48%,1,0,4,482,416,86%,0,0,10.0,8.0,7.0,3.0,1.0,1.0,10.5,12.0,10.0,5.0,4.0,0.0,1.0,14.5
710667,2021-11-20 15:00:00+00:00,S. Hooper,Turf Moor,Burnley,Burnley,Crystal Palace,3,3,Draw,9,4,15,2,10,5,14,3,1,40%,2,0,5,311,213,68%,8,6,18,4,12,6,15,6,0,60%,3,0,6,488,392,80%,0,0,6.0,6.0,6.0,1.0,3.0,1.0,6.0,9.0,9.0,5.0,2.0,3.0,0.0,11.0
710666,2021-11-20 15:00:00+00:00,A. Taylor,Villa Park,Birmingham,Aston Villa,Brighton,2,0,Home Win,5,1,9,3,7,2,7,5,1,37%,3,0,2,352,290,82%,2,0,6,4,3,3,13,6,0,63%,3,0,3,608,543,89%,0,0,0.0,5.0,13.0,0.0,0.0,5.0,-4.0,4.0,4.0,7.0,0.0,4.0,1.0,2.5
710672,2021-11-20 15:00:00+00:00,M. Atkinson,Carrow Road,"Norwich, Norfolk",Norwich,Southampton,2,1,Home Win,4,2,8,2,5,3,8,5,0,37%,3,0,4,333,225,68%,5,4,17,8,8,9,9,7,1,63%,2,0,2,568,471,83%,0,0,5.0,3.0,10.0,1.0,2.0,2.0,1.5,10.0,6.0,5.0,3.0,1.0,1.0,10.5
710669,2021-11-20 17:30:00+00:00,M. Oliver,Anfield,Liverpool,Liverpool,Arsenal,4,0,Home Win,9,3,19,7,16,3,15,6,2,63%,2,0,3,639,565,88%,3,0,5,2,3,2,12,1,8,37%,0,0,5,384,311,81%,0,0,8.0,16.0,7.0,2.0,2.0,1.0,12.5,11.0,8.0,3.0,3.0,2.0,0.0,13.5
710670,2021-11-21 14:00:00+00:00,S. Attwell,Etihad Stadium,Manchester,Manchester City,Everton,3,0,Home Win,7,6,17,4,12,5,5,7,0,77%,1,0,1,861,807,94%,1,0,4,3,3,1,7,1,2,23%,1,0,4,247,172,70%,0,0,10.0,10.0,5.0,3.0,1.0,1.0,12.5,2.0,4.0,9.0,0.0,2.0,3.0,-0.5
710673,2021-11-21 16:30:00+00:00,A. Marriner,Tottenham Hotspur Stadium,London,Tottenham,Leeds,2,1,Home Win,4,3,13,6,8,5,11,4,4,43%,1,0,6,392,314,80%,7,7,18,4,9,9,12,8,1,57%,4,0,2,521,430,83%,0,0,7.0,5.0,7.0,2.0,1.0,2.0,6.0,8.0,5.0,4.0,2.0,2.0,1.0,8.5
710676,2021-11-27 12:30:00+00:00,S. Attwell,Emirates Stadium,London,Arsenal,Newcastle,2,0,Home Win,6,12,24,6,14,10,6,4,0,66%,1,0,5,646,563,87%,5,2,9,2,3,6,12,4,3,34%,3,0,4,328,262,80%,0,0,10.0,8.0,7.0,3.0,1.0,1.0,10.5,3.0,7.0,11.0,0.0,3.0,2.0,1.0
710683,2021-11-27 15:00:00+00:00,A. Marriner,Anfield,Liverpool,Liverpool,Southampton,4,0,Home Win,6,9,20,5,15,5,7,5,2,65%,0,0,3,613,492,80%,3,1,7,3,7,0,14,7,2,35%,1,0,2,338,231,68%,0,0,10.0,18.0,5.0,3.0,1.0,1.0,16.5,10.0,6.0,4.0,3.0,1.0,1.0,11.0
710681,2021-11-27 15:00:00+00:00,M. Salisbury,Selhurst Park,London,Crystal Palace,Aston Villa,1,2,Away Win,3,4,8,1,7,1,12,7,1,63%,3,0,1,577,501,87%,3,5,10,2,5,5,10,3,0,37%,3,0,2,340,270,79%,0,0,9.0,10.0,6.0,2.0,3.0,0.0,11.0,3.0,6.0,11.0,1.0,0.0,4.0,0.5
710685,2021-11-27 15:00:00+00:00,S. Hooper,Carrow Road,"Norwich, Norfolk",Norwich,Wolves,0,0,Draw,4,7,14,3,9,5,11,4,1,43%,2,0,2,443,372,84%,2,3,5,0,4,1,10,3,0,57%,2,0,4,601,515,86%,0,0,7.0,5.0,11.0,2.0,1.0,2.0,4.0,10.0,7.0,6.0,3.0,1.0,1.0,10.5
710678,2021-11-27 17:30:00+00:00,C. Pawson,The American Express Community Stadium,"Falmer, East Sussex",Brighton,Leeds,0,0,Draw,4,14,20,2,12,8,12,6,2,57%,1,0,4,496,387,78%,4,5,11,2,7,4,14,1,1,43%,3,0,4,379,266,70%,0,0,3.0,4.0,9.0,0.0,3.0,2.0,0.5,5.0,5.0,6.0,1.0,2.0,2.0,4.5
710682,2021-11-28 14:00:00+00:00,A. Madley,King Power Stadium,"Leicester, Leicestershire",Leicester,Watford,4,2,Home Win,8,4,18,6,13,5,5,8,5,57%,0,0,3,410,285,70%,5,8,17,4,13,4,20,6,2,43%,0,0,4,303,185,61%,0,0,7.0,7.0,9.0,2.0,1.0,2.0,6.0,6.0,9.0,10.0,2.0,0.0,3.0,5.5
710684,2021-11-28 14:00:00+00:00,M. Oliver,Etihad Stadium,Manchester,Manchester City,West Ham,2,1,Home Win,9,6,19,4,13,6,7,8,4,69%,2,0,2,728,658,90%,3,1,5,1,1,4,6,4,4,31%,0,0,6,330,260,79%,0,0,12.0,11.0,3.0,4.0,0.0,1.0,16.0,12.0,9.0,4.0,4.0,0.0,1.0,14.5
710677,2021-11-28 14:00:00+00:00,D. England,Brentford Community Stadium,"Brentford, Middlesex",Brentford,Everton,1,0,Home Win,4,2,6,0,5,1,8,3,0,40%,4,0,5,359,244,68%,5,4,14,5,10,4,11,3,3,60%,3,0,3,536,445,83%,0,0,1.0,6.0,11.0,0.0,1.0,4.0,-1.5,1.0,3.0,11.0,0.0,1.0,4.0,-3.0
710680,2021-11-28 16:30:00+00:00,A. Taylor,Stamford Bridge,London,Chelsea,Manchester United,1,1,Draw,6,10,24,8,17,7,13,15,2,66%,2,0,1,586,505,86%,2,1,3,0,1,2,14,2,1,34%,5,0,5,318,236,74%,0,0,13.0,15.0,1.0,4.0,1.0,0.0,20.0,3.0,6.0,15.0,1.0,0.0,4.0,-1.5
710693,2021-11-30 19:30:00+00:00,A. Madley,St. James' Park,Newcastle upon Tyne,Newcastle,Norwich,1,1,Draw,1,6,9,2,5,4,8,2,0,31%,0,1,5,262,181,69%,6,5,16,5,10,6,11,5,3,69%,0,0,0,569,495,87%,0,0,3.0,5.0,10.0,0.0,3.0,2.0,0.5,7.0,5.0,11.0,2.0,1.0,2.0,4.0
710688,2021-11-30 20:15:00+00:00,K. Friend,Elland Road,"Leeds, West Yorkshire",Leeds,Crystal Palace,1,0,Home Win,3,3,15,9,8,7,15,7,2,62%,5,0,1,474,378,80%,1,4,9,4,4,5,15,4,0,38%,3,0,2,286,199,70%,0,0,6.0,5.0,5.0,1.0,3.0,1.0,6.0,8.0,9.0,6.0,2.0,2.0,1.0,9.5
710689,2021-12-01 19:30:00+00:00,D. Coote,Vicarage Road,Watford,Watford,Chelsea,1,2,Away Win,6,4,14,4,6,8,18,6,3,50%,4,0,2,399,276,69%,4,3,8,1,6,2,16,0,5,50%,3,0,6,422,304,72%,0,0,6.0,11.0,9.0,2.0,0.0,3.0,7.0,11.0,15.0,2.0,3.0,2.0,0.0,17.5
710691,2021-12-01 19:30:00+00:00,J. Brooks,Molineux Stadium,"Wolverhampton, West Midlands",Wolves,Burnley,0,0,Draw,2,9,16,5,8,8,5,5,1,65%,2,0,1,589,470,80%,1,3,6,2,2,4,7,5,3,35%,3,0,2,306,202,66%,0,0,8.0,4.0,4.0,2.0,2.0,1.0,8.0,6.0,9.0,9.0,1.0,3.0,1.0,6.0
710694,2021-12-01 19:30:00+00:00,R. Jones,St. Mary's Stadium,"Southampton, Hampshire",Southampton,Leicester,2,2,Draw,7,4,15,4,11,4,14,2,1,45%,1,0,4,356,244,69%,6,6,15,3,9,6,11,4,2,55%,3,0,5,443,330,74%,0,0,7.0,5.0,8.0,2.0,1.0,2.0,5.5,7.0,7.0,9.0,2.0,1.0,2.0,6.0
710690,2021-12-01 19:30:00+00:00,C. Kavanagh,London Stadium,London,West Ham,Brighton,1,1,Draw,6,6,14,2,8,6,10,9,1,34%,1,0,2,271,197,73%,3,4,9,2,6,3,8,5,0,66%,1,0,4,540,462,86%,0,0,9.0,9.0,6.0,3.0,0.0,2.0,10.5,3.0,4.0,9.0,0.0,3.0,2.0,0.5
710687,2021-12-01 20:15:00+00:00,P. Tierney,Goodison Park,Liverpool,Everton,Liverpool,1,4,Away Win,2,2,8,4,4,4,8,3,3,31%,4,0,3,269,168,62%,7,5,16,4,10,6,16,11,1,69%,3,0,1,599,489,82%,0,0,1.0,3.0,11.0,0.0,1.0,4.0,-3.0,10.0,17.0,5.0,3.0,1.0,1.0,16.0
710686,2021-12-01 20:15:00+00:00,M. Dean,Villa Park,Birmingham,Aston Villa,Manchester City,1,2,Away Win,3,3,9,3,8,1,8,4,1,36%,0,0,5,333,269,81%,7,5,17,5,10,7,12,10,0,64%,0,0,2,611,547,90%,0,0,6.0,6.0,9.0,2.0,0.0,3.0,4.5,12.0,11.0,4.0,4.0,0.0,1.0,15.5
710695,2021-12-02 19:30:00+00:00,J. Moss,Tottenham Hotspur Stadium,London,Tottenham,Brentford,2,0,Home Win,6,3,11,2,10,1,13,10,0,47%,0,0,2,464,353,76%,2,3,6,1,4,2,11,5,0,53%,0,0,5,521,416,80%,0,0,7.0,5.0,7.0,2.0,1.0,2.0,6.0,4.0,7.0,10.0,1.0,1.0,3.0,2.5
710692,2021-12-02 20:15:00+00:00,M. Atkinson,Old Trafford,Manchester,Manchester United,Arsenal,3,2,Home Win,10,3,14,1,9,5,9,3,0,45%,1,0,5,431,354,82%,8,5,17,4,12,5,10,8,1,55%,0,0,7,526,440,84%,0,0,4.0,5.0,12.0,1.0,1.0,3.0,0.5,12.0,8.0,5.0,4.0,0.0,1.0,13.5
710704,2021-12-04 12:30:00+00:00,A. Marriner,London Stadium,London,West Ham,Chelsea,3,2,Home Win,5,6,11,0,9,2,10,1,3,36%,1,0,5,335,250,75%,7,4,19,8,12,7,10,9,1,64%,3,0,1,588,507,86%,0,0,7.0,9.0,7.0,2.0,1.0,2.0,8.0,11.0,10.0,3.0,3.0,2.0,0.0,14.5
710701,2021-12-04 15:00:00+00:00,A. Taylor,St. Mary's Stadium,"Southampton, Hampshire",Southampton,Brighton,1,1,Draw,4,6,14,4,10,4,15,6,0,44%,4,0,3,314,205,65%,4,4,14,6,7,7,12,2,0,56%,2,0,3,410,285,70%,0,0,7.0,5.0,8.0,2.0,1.0,2.0,5.5,4.0,4.0,6.0,0.0,4.0,1.0,3.0
710705,2021-12-04 15:00:00+00:00,C. Kavanagh,Molineux Stadium,"Wolverhampton, West Midlands",Wolves,Liverpool,0,1,Away Win,1,2,3,0,1,2,4,2,7,33%,2,0,3,320,224,70%,5,8,17,4,13,4,7,8,1,67%,2,0,1,641,544,85%,0,0,8.0,3.0,3.0,2.0,2.0,1.0,8.0,10.0,16.0,6.0,3.0,1.0,1.0,15.0
710700,2021-12-04 15:00:00+00:00,P. Tierney,St. James' Park,Newcastle upon Tyne,Newcastle,Burnley,1,0,Home Win,4,4,19,11,12,7,11,10,0,48%,1,0,1,322,214,66%,1,5,10,4,6,4,9,3,1,52%,1,0,3,356,254,71%,0,0,3.0,5.0,10.0,0.0,3.0,2.0,0.5,7.0,9.0,7.0,1.0,4.0,0.0,8.0
710703,2021-12-04 17:30:00+00:00,S. Hooper,Vicarage Road,Watford,Watford,Manchester City,1,3,Away Win,4,6,11,1,6,5,11,5,0,23%,3,0,9,239,157,66%,13,8,26,5,22,4,7,11,1,77%,0,0,3,830,762,92%,0,0,3.0,7.0,9.0,1.0,0.0,4.0,2.0,12.0,9.0,4.0,4.0,0.0,1.0,14.5
710699,2021-12-05 14:00:00+00:00,C. Pawson,Old Trafford,Manchester,Manchester United,Crystal Palace,1,0,Home Win,3,7,16,6,8,8,16,9,3,61%,2,0,2,530,436,82%,2,3,8,3,4,4,9,6,0,39%,2,0,2,331,236,71%,0,0,7.0,8.0,9.0,2.0,1.0,2.0,6.5,7.0,8.0,6.0,2.0,1.0,2.0,8.0
710702,2021-12-05 14:00:00+00:00,J. Gillett,Tottenham Hotspur Stadium,London,Tottenham,Norwich,3,0,Home Win,7,8,17,2,8,9,11,6,2,41%,1,0,1,459,394,86%,1,6,10,3,7,3,4,4,4,59%,2,0,4,667,589,88%,0,0,7.0,4.0,5.0,2.0,1.0,2.0,6.5,8.0,6.0,5.0,2.0,2.0,1.0,8.5
710698,2021-12-05 14:00:00+00:00,D. Coote,Elland Road,"Leeds, West Yorkshire",Leeds,Brentford,2,2,Draw,6,4,13,3,7,6,11,5,7,63%,5,0,1,510,407,80%,3,2,9,4,7,2,9,1,0,37%,3,0,4,308,210,68%,0,0,8.0,5.0,4.0,2.0,2.0,1.0,8.5,4.0,6.0,10.0,1.0,1.0,3.0,2.0
710696,2021-12-05 16:30:00+00:00,M. Oliver,Villa Park,Birmingham,Aston Villa,Leicester,2,1,Home Win,4,4,13,5,11,2,8,3,1,41%,1,0,3,359,271,75%,5,5,12,2,9,3,25,6,0,59%,1,0,2,524,424,81%,0,0,6.0,6.0,8.0,2.0,0.0,3.0,5.0,5.0,7.0,10.0,1.0,2.0,2.0,3.5
710697,2021-12-06 20:00:00+00:00,M. Dean,Goodison Park,Liverpool,Everton,Arsenal,2,1,Home Win,5,3,11,3,7,4,8,3,5,36%,2,0,2,329,228,69%,3,4,10,3,8,2,12,3,1,64%,2,0,3,588,486,83%,0,0,1.0,2.0,10.0,0.0,1.0,4.0,-3.0,9.0,7.0,7.0,3.0,0.0,2.0,9.0
710707,2021-12-10 20:00:00+00:00,M. Oliver,Brentford Community Stadium,"Brentford, Middlesex",Brentford,Watford,2,1,Home Win,5,4,14,5,11,3,12,8,1,63%,4,0,1,472,350,74%,2,3,6,1,4,2,18,2,0,37%,0,0,3,281,163,58%,0,0,5.0,7.0,9.0,1.0,2.0,2.0,4.0,3.0,8.0,11.0,1.0,0.0,4.0,1.5
710714,2021-12-11 12:30:00+00:00,J. Moss,Etihad Stadium,Manchester,Manchester City,Wolves,1,0,Home Win,10,8,24,6,16,8,12,14,1,71%,3,0,1,746,679,91%,1,1,2,0,2,0,5,1,0,29%,4,1,8,310,231,75%,0,0,15.0,12.0,3.0,5.0,0.0,0.0,19.5,5.0,1.0,3.0,1.0,2.0,2.0,4.0
710710,2021-12-11 15:00:00+00:00,C. Kavanagh,Stamford Bridge,London,Chelsea,Leeds,3,2,Home Win,6,5,16,5,10,6,9,5,1,58%,2,0,3,415,348,84%,5,1,12,6,8,4,15,2,4,42%,5,0,3,304,223,73%,0,0,8.0,9.0,6.0,2.0,2.0,1.0,9.5,6.0,5.0,5.0,1.0,3.0,1.0,6.0
710706,2021-12-11 15:00:00+00:00,J. Gillett,Emirates Stadium,London,Arsenal,Southampton,3,0,Home Win,5,7,15,3,11,4,5,9,3,61%,2,0,6,507,405,80%,6,2,11,3,4,7,9,8,1,39%,0,0,2,320,237,74%,0,0,6.0,6.0,9.0,2.0,0.0,3.0,4.5,5.0,5.0,9.0,1.0,2.0,2.0,3.0
710713,2021-12-11 15:00:00+00:00,S. Attwell,Anfield,Liverpool,Liverpool,Aston Villa,1,0,Home Win,5,8,20,7,15,5,13,11,2,62%,1,0,0,551,452,82%,0,2,4,2,1,3,6,3,1,38%,2,0,4,329,233,71%,0,0,12.0,15.0,4.0,4.0,0.0,1.0,17.5,9.0,7.0,5.0,3.0,0.0,2.0,10.0
710715,2021-12-11 17:30:00+00:00,D. England,Carrow Road,"Norwich, Norfolk",Norwich,Manchester United,0,1,Away Win,5,1,11,5,8,3,6,8,0,47%,1,0,4,440,341,78%,5,4,13,4,7,6,17,6,1,53%,1,0,5,501,409,82%,0,0,8.0,5.0,6.0,2.0,2.0,1.0,7.5,7.0,6.0,9.0,2.0,1.0,2.0,5.5
710709,2021-12-12 14:00:00+00:00,G. Scott,Turf Moor,Burnley,Burnley,West Ham,0,0,Draw,1,5,9,3,6,3,13,6,1,40%,2,0,3,310,199,64%,3,8,16,5,9,7,11,14,1,60%,1,0,1,471,350,74%,0,0,6.0,7.0,6.0,1.0,3.0,1.0,6.5,7.0,8.0,8.0,2.0,1.0,2.0,7.0
710712,2021-12-12 14:00:00+00:00,P. Bankes,King Power Stadium,"Leicester, Leicestershire",Leicester,Newcastle,4,0,Home Win,5,2,8,1,5,3,9,4,0,47%,2,0,3,400,317,79%,3,3,12,6,7,5,16,6,1,53%,3,0,1,431,344,80%,0,0,5.0,8.0,10.0,1.0,2.0,2.0,4.0,6.0,6.0,7.0,1.0,3.0,1.0,5.5
710711,2021-12-12 16:30:00+00:00,A. Madley,Selhurst Park,London,Crystal Palace,Everton,3,1,Home Win,6,5,17,6,12,5,15,8,1,61%,0,0,5,487,406,83%,6,1,12,5,5,7,14,2,0,39%,2,0,3,306,215,70%,0,0,4.0,6.0,7.0,1.0,1.0,3.0,3.5,4.0,3.0,9.0,1.0,1.0,3.0,1.0
710721,2021-12-14 19:45:00+00:00,D. Coote,Carrow Road,"Norwich, Norfolk",Norwich,Aston Villa,0,2,Away Win,3,1,7,3,6,1,12,7,0,50%,3,0,4,451,373,83%,6,3,17,8,12,5,9,10,0,50%,1,0,3,447,371,83%,0,0,5.0,3.0,6.0,1.0,2.0,2.0,3.5,9.0,7.0,5.0,3.0,0.0,2.0,10.0
710725,2021-12-14 20:00:00+00:00,P. Tierney,Etihad Stadium,Manchester,Manchester City,Leeds,7,0,Home Win,15,9,31,7,17,14,5,6,1,64%,1,0,3,608,557,92%,3,2,6,1,2,4,9,2,0,36%,1,0,8,338,273,81%,0,0,15.0,11.0,3.0,5.0,0.0,0.0,19.0,5.0,6.0,7.0,1.0,2.0,2.0,4.5
710718,2021-12-15 19:30:00+00:00,T. Harrington,The American Express Community Stadium,"Falmer, East Sussex",Brighton,Wolves,0,1,Away Win,2,7,12,3,7,5,11,7,1,59%,2,0,4,524,441,84%,5,2,8,1,5,3,15,4,1,41%,0,0,2,365,283,78%,0,0,4.0,3.0,5.0,0.0,4.0,1.0,3.0,5.0,1.0,2.0,1.0,2.0,2.0,4.5
710722,2021-12-15 19:30:00+00:00,S. Hooper,Selhurst Park,London,Crystal Palace,Southampton,2,2,Draw,6,2,9,1,9,0,16,4,1,60%,2,0,2,448,333,74%,4,7,15,4,6,9,20,6,3,40%,4,0,4,299,193,65%,0,0,4.0,7.0,8.0,1.0,1.0,3.0,3.5,2.0,4.0,12.0,0.0,2.0,3.0,-2.0
710716,2021-12-15 20:00:00+00:00,A. Taylor,Emirates Stadium,London,Arsenal,West Ham,2,0,Home Win,8,5,21,8,11,10,9,5,0,56%,2,0,1,501,420,84%,1,3,7,3,2,5,9,2,0,44%,2,1,6,387,314,81%,0,0,6.0,8.0,9.0,2.0,0.0,3.0,5.5,5.0,5.0,6.0,1.0,2.0,2.0,4.5
710723,2021-12-16 19:45:00+00:00,M. Oliver,Stamford Bridge,London,Chelsea,Everton,1,1,Draw,10,10,23,3,16,7,11,7,0,80%,2,0,2,777,698,90%,3,1,5,1,2,3,11,1,2,20%,3,0,9,194,108,56%,0,0,10.0,11.0,7.0,3.0,1.0,1.0,12.0,3.0,4.0,12.0,1.0,0.0,4.0,-1.0
710724,2021-12-16 20:00:00+00:00,M. Dean,Anfield,Liverpool,Liverpool,Newcastle,3,1,Home Win,8,9,23,6,16,7,9,11,2,74%,1,0,2,738,628,85%,3,2,5,0,0,5,4,0,1,26%,3,0,6,258,155,60%,0,0,15.0,14.0,1.0,5.0,0.0,0.0,21.5,5.0,5.0,10.0,1.0,2.0,2.0,2.5
710728,2021-12-18 17:30:00+00:00,A. Marriner,Elland Road,"Leeds, West Yorkshire",Leeds,Arsenal,1,4,Away Win,2,6,9,1,4,5,11,1,0,51%,3,0,8,405,312,77%,12,3,21,6,14,7,7,4,1,49%,1,0,1,392,305,78%,0,0,5.0,5.0,12.0,1.0,2.0,2.0,1.5,9.0,10.0,5.0,3.0,0.0,2.0,11.5
710730,2021-12-19 14:00:00+00:00,M. Atkinson,St. James' Park,Newcastle upon Tyne,Newcastle,Manchester City,0,4,Away Win,1,4,5,0,2,3,9,3,4,28%,1,0,3,265,215,81%,7,8,18,3,16,2,6,6,2,72%,2,0,1,709,646,91%,0,0,4.0,3.0,10.0,1.0,1.0,3.0,0.5,15.0,15.0,3.0,5.0,0.0,0.0,21.0
710735,2021-12-19 14:00:00+00:00,D. Coote,Molineux Stadium,"Wolverhampton, West Midlands",Wolves,Chelsea,0,0,Draw,1,1,4,2,1,3,9,4,2,37%,0,0,1,433,337,78%,1,1,8,6,6,2,7,9,4,63%,2,0,1,739,649,88%,0,0,5.0,1.0,2.0,1.0,2.0,2.0,4.5,8.0,9.0,8.0,2.0,2.0,1.0,8.5
710732,2021-12-19 16:30:00+00:00,P. Tierney,Tottenham Hotspur Stadium,London,Tottenham,Liverpool,2,2,Draw,5,3,10,2,10,0,12,6,3,44%,4,0,4,413,315,76%,6,6,18,6,11,7,11,4,1,56%,4,1,3,519,423,82%,0,0,10.0,7.0,4.0,3.0,1.0,1.0,11.5,15.0,13.0,2.0,5.0,0.0,0.0,20.5
710743,2021-12-26 15:00:00+00:00,J. Moss,Tottenham Hotspur Stadium,London,Tottenham,Crystal Palace,3,0,Home Win,6,6,17,5,11,6,16,4,1,60%,1,0,0,602,548,91%,0,2,4,2,3,1,9,2,0,40%,3,1,3,406,336,83%,0,0,11.0,9.0,3.0,3.0,2.0,0.0,14.0,4.0,6.0,7.0,1.0,1.0,3.0,3.5
710744,2021-12-26 15:00:00+00:00,K. Friend,London Stadium,London,West Ham,Southampton,2,3,Away Win,5,3,11,3,6,5,10,10,2,56%,2,0,3,451,362,80%,6,2,11,3,5,6,9,2,1,44%,3,0,2,378,290,77%,0,0,5.0,5.0,7.0,1.0,2.0,2.0,4.0,3.0,5.0,12.0,0.0,3.0,2.0,-0.5
710740,2021-12-26 15:00:00+00:00,C. Kavanagh,Etihad Stadium,Manchester,Manchester City,Leicester,6,3,Home Win,9,3,17,5,12,5,11,14,2,72%,1,0,5,736,693,94%,8,5,14,1,10,4,9,4,1,28%,2,0,2,289,251,87%,0,0,15.0,17.0,2.0,5.0,0.0,0.0,22.5,7.0,11.0,9.0,2.0,1.0,2.0,8.0
710742,2021-12-26 15:00:00+00:00,G. Scott,Carrow Road,"Norwich, Norfolk",Norwich,Arsenal,0,5,Away Win,2,1,4,1,3,1,13,3,3,35%,1,0,1,314,228,73%,6,4,16,6,11,5,7,4,2,65%,2,0,2,585,493,84%,0,0,2.0,1.0,7.0,0.0,2.0,3.0,-1.0,9.0,12.0,6.0,3.0,0.0,2.0,12.0
710736,2021-12-26 17:30:00+00:00,M. Atkinson,Villa Park,Birmingham,Aston Villa,Chelsea,1,3,Away Win,1,2,8,5,5,3,8,2,2,42%,3,0,1,446,382,86%,4,3,10,3,9,1,11,5,2,58%,1,0,1,609,541,89%,0,0,9.0,7.0,5.0,3.0,0.0,2.0,10.0,8.0,8.0,7.0,2.0,2.0,1.0,8.5
710737,2021-12-26 20:00:00+00:00,D. England,The American Express Community Stadium,"Falmer, East Sussex",Brighton,Brentford,2,0,Home Win,5,7,15,3,4,11,8,6,2,50%,1,0,5,467,375,80%,6,6,16,4,12,4,10,9,3,50%,3,0,3,450,348,77%,0,0,3.0,2.0,5.0,0.0,3.0,2.0,1.5,8.0,8.0,8.0,2.0,2.0,1.0,8.0
710741,2021-12-27 20:00:00+00:00,C. Pawson,St. James' Park,Newcastle upon Tyne,Newcastle,Manchester United,1,1,Draw,8,3,13,2,5,8,11,2,2,31%,3,0,2,259,167,64%,4,3,13,6,8,5,8,3,3,69%,3,0,7,566,455,80%,0,0,4.0,3.0,12.0,1.0,1.0,3.0,-0.5,10.0,7.0,7.0,3.0,1.0,1.0,10.0
710755,2021-12-28 15:00:00+00:00,D. England,Vicarage Road,Watford,Watford,West Ham,1,4,Away Win,5,5,14,4,11,3,12,4,0,43%,0,0,2,316,209,66%,6,3,13,4,10,3,12,5,1,57%,1,0,4,423,316,75%,0,0,3.0,9.0,12.0,1.0,0.0,4.0,1.5,5.0,6.0,8.0,1.0,2.0,2.0,4.0
710754,2021-12-28 15:00:00+00:00,A. Taylor,St. Mary's Stadium,"Southampton, Hampshire",Southampton,Tottenham,1,1,Draw,2,3,9,4,4,5,15,3,3,35%,4,1,10,290,201,69%,11,5,21,5,14,7,5,7,3,65%,2,0,1,536,452,84%,0,0,6.0,8.0,10.0,1.0,3.0,1.0,5.0,13.0,12.0,3.0,4.0,1.0,0.0,17.5
710749,2021-12-28 15:00:00+00:00,P. Tierney,Selhurst Park,London,Crystal Palace,Norwich,3,0,Home Win,6,6,19,7,17,2,9,8,1,51%,1,0,2,391,306,78%,3,2,12,7,6,6,13,8,3,49%,2,0,3,376,298,79%,0,0,4.0,5.0,8.0,1.0,1.0,3.0,2.5,1.0,1.0,12.0,0.0,1.0,4.0,-4.5
710752,2021-12-28 20:00:00+00:00,M. Oliver,King Power Stadium,"Leicester, Leicestershire",Leicester,Liverpool,1,0,Home Win,1,2,6,3,5,1,8,1,3,37%,0,0,4,358,262,73%,4,12,21,5,17,4,11,12,1,63%,1,0,0,588,480,82%,0,0,7.0,14.0,12.0,2.0,1.0,2.0,8.0,13.0,11.0,4.0,4.0,1.0,0.0,16.5
710748,2021-12-29 19:30:00+00:00,M. Dean,Stamford Bridge,London,Chelsea,Brighton,1,1,Draw,5,3,11,3,9,2,14,10,1,48%,4,0,5,430,343,80%,6,8,18,4,10,8,7,8,0,52%,1,0,4,473,379,80%,0,0,8.0,9.0,7.0,2.0,2.0,1.0,9.0,6.0,4.0,3.0,1.0,3.0,1.0,6.5
710747,2021-12-29 20:15:00+00:00,D. Coote,Brentford Community Stadium,"Brentford, Middlesex",Brentford,Manchester City,0,1,Away Win,2,2,6,2,3,3,12,3,0,24%,0,0,2,217,136,63%,3,5,12,4,7,5,10,5,3,76%,0,0,3,716,634,89%,0,0,7.0,5.0,7.0,2.0,1.0,2.0,6.0,15.0,21.0,4.0,5.0,0.0,0.0,23.5
710753,2021-12-30 20:15:00+00:00,J. Moss,Old Trafford,Manchester,Manchester United,Burnley,3,1,Home Win,6,9,18,3,11,7,5,7,2,57%,0,0,2,484,377,78%,3,4,10,3,9,1,10,5,4,43%,0,0,4,355,275,77%,0,0,11.0,7.0,4.0,3.0,2.0,0.0,12.5,4.0,4.0,5.0,0.0,4.0,1.0,3.5
710756,2022-01-01 12:30:00+00:00,S. Attwell,Emirates Stadium,London,Arsenal,Manchester City,1,2,Away Win,2,4,7,1,5,2,13,5,1,29%,5,1,0,249,179,72%,2,6,15,7,8,7,5,5,2,71%,2,0,1,644,572,89%,0,0,12.0,15.0,3.0,4.0,0.0,1.0,18.0,15.0,19.0,3.0,5.0,0.0,0.0,23.0
710765,2022-01-01 15:00:00+00:00,R. Jones,Vicarage Road,Watford,Watford,Tottenham,0,1,Away Win,4,2,6,0,3,3,6,3,1,26%,0,0,9,251,168,67%,9,6,21,6,12,9,9,7,3,74%,1,0,4,715,635,89%,0,0,0.0,6.0,15.0,0.0,0.0,5.0,-4.5,11.0,11.0,3.0,3.0,2.0,0.0,15.0
710759,2022-01-01 17:30:00+00:00,D. England,Selhurst Park,London,Crystal Palace,West Ham,2,3,Away Win,6,11,22,5,16,6,6,9,0,63%,0,0,2,558,487,87%,5,4,10,1,9,1,16,1,2,37%,2,0,4,339,246,73%,0,0,7.0,8.0,7.0,2.0,1.0,2.0,7.5,7.0,9.0,8.0,2.0,1.0,2.0,7.5
710757,2022-01-02 14:00:00+00:00,C. Pawson,Brentford Community Stadium,"Brentford, Middlesex",Brentford,Aston Villa,2,1,Home Win,4,6,10,0,6,4,17,3,0,45%,2,0,4,400,299,75%,5,6,16,5,10,6,11,7,4,55%,2,0,2,491,402,82%,0,0,4.0,4.0,8.0,1.0,1.0,3.0,2.0,6.0,6.0,7.0,2.0,0.0,3.0,5.5
710760,2022-01-02 14:00:00+00:00,J. Brooks,Goodison Park,Liverpool,Everton,Brighton,2,3,Away Win,6,7,17,4,12,5,5,8,1,50%,1,0,2,399,288,72%,5,3,12,4,4,8,12,5,1,50%,1,0,4,425,307,72%,0,0,4.0,5.0,10.0,1.0,1.0,3.0,1.5,6.0,5.0,4.0,1.0,3.0,1.0,6.5
710761,2022-01-02 14:00:00+00:00,P. Tierney,Elland Road,"Leeds, West Yorkshire",Leeds,Burnley,3,1,Home Win,7,6,22,9,13,9,11,9,5,55%,2,0,1,360,255,71%,2,4,8,2,4,4,7,3,1,45%,1,0,4,297,178,60%,0,0,4.0,6.0,16.0,1.0,1.0,3.0,-1.0,3.0,4.0,7.0,0.0,3.0,2.0,1.5
710758,2022-01-02 16:30:00+00:00,A. Taylor,Stamford Bridge,London,Chelsea,Liverpool,2,2,Draw,6,5,15,4,9,6,5,6,3,55%,1,0,4,574,473,82%,6,2,10,2,7,3,13,7,3,45%,2,0,4,463,355,77%,0,0,9.0,8.0,5.0,2.0,3.0,0.0,10.5,10.0,7.0,4.0,3.0,1.0,1.0,11.5
710763,2022-01-03 17:30:00+00:00,M. Dean,Old Trafford,Manchester,Manchester United,Wolves,0,1,Away Win,2,4,9,3,4,5,9,3,2,51%,3,0,5,488,391,80%,6,7,19,6,8,11,8,8,3,49%,1,0,2,457,372,81%,0,0,13.0,9.0,4.0,4.0,1.0,0.0,15.5,5.0,1.0,2.0,1.0,2.0,2.0,4.5
710731,2022-01-11 19:45:00+00:00,S. Attwell,St. Mary's Stadium,"Southampton, Hampshire",Southampton,Brentford,4,1,Home Win,6,4,12,2,8,4,9,5,0,49%,0,0,3,407,304,75%,4,0,5,1,4,1,8,2,1,51%,1,0,3,428,313,73%,0,0,6.0,7.0,9.0,1.0,3.0,1.0,5.0,7.0,6.0,7.0,2.0,1.0,2.0,6.5
710734,2022-01-12 19:45:00+00:00,S. Hooper,London Stadium,London,West Ham,Norwich,2,0,Home Win,5,5,13,3,9,4,9,11,4,62%,0,0,3,550,463,84%,3,3,7,1,3,4,8,2,3,38%,0,0,3,337,250,74%,0,0,7.0,9.0,8.0,2.0,1.0,2.0,7.5,0.0,0.0,14.0,0.0,0.0,5.0,-7.0
710767,2022-01-14 20:00:00+00:00,R. Jones,The American Express Community Stadium,"Falmer, East Sussex",Brighton,Crystal Palace,1,1,Draw,4,10,19,5,13,6,11,9,1,63%,0,0,1,569,470,83%,1,1,3,1,1,2,7,0,2,37%,2,0,4,337,246,73%,0,0,8.0,7.0,5.0,2.0,2.0,1.0,9.0,7.0,10.0,9.0,2.0,1.0,2.0,7.5
710770,2022-01-15 12:30:00+00:00,C. Pawson,Etihad Stadium,Manchester,Manchester City,Chelsea,1,0,Home Win,6,3,11,2,8,3,11,9,3,56%,0,0,1,579,498,86%,1,2,4,1,2,2,6,1,4,44%,2,0,5,459,388,85%,0,0,15.0,20.0,4.0,5.0,0.0,0.0,23.0,7.0,7.0,5.0,1.0,4.0,0.0,8.0
710771,2022-01-15 15:00:00+00:00,P. Tierney,St. James' Park,Newcastle upon Tyne,Newcastle,Watford,1,1,Draw,1,8,12,3,8,4,13,4,1,52%,3,0,4,407,308,76%,5,6,18,7,10,8,13,6,1,48%,2,0,0,381,301,79%,0,0,4.0,3.0,12.0,1.0,1.0,3.0,-0.5,0.0,4.0,12.0,0.0,0.0,5.0,-4.0
710775,2022-01-15 15:00:00+00:00,M. Salisbury,Molineux Stadium,"Wolverhampton, West Midlands",Wolves,Southampton,3,1,Home Win,5,3,9,1,8,1,13,2,2,43%,2,0,9,327,234,72%,10,3,13,0,8,5,14,10,1,57%,3,0,2,437,354,81%,0,0,7.0,2.0,2.0,2.0,1.0,2.0,7.0,8.0,10.0,9.0,2.0,2.0,1.0,8.5
710772,2022-01-15 15:00:00+00:00,A. Madley,Carrow Road,"Norwich, Norfolk",Norwich,Everton,2,1,Home Win,3,6,14,5,6,8,12,8,3,40%,3,0,4,284,200,70%,5,1,12,6,9,3,14,8,1,60%,1,0,2,435,346,80%,0,0,0.0,0.0,13.0,0.0,0.0,5.0,-6.5,4.0,7.0,12.0,1.0,1.0,3.0,1.5
710766,2022-01-15 17:30:00+00:00,D. Coote,Villa Park,Birmingham,Aston Villa,Manchester United,2,2,Draw,9,4,13,0,11,2,8,3,1,55%,1,0,4,540,454,84%,6,4,13,3,8,5,13,6,1,45%,2,0,7,451,368,82%,0,0,6.0,6.0,7.0,2.0,0.0,3.0,5.5,10.0,6.0,3.0,3.0,1.0,1.0,11.5
710769,2022-01-16 14:00:00+00:00,J. Moss,Anfield,Liverpool,Liverpool,Brentford,3,0,Home Win,13,8,27,6,18,9,6,9,2,68%,0,0,1,712,589,83%,1,3,6,2,4,2,6,0,7,32%,1,0,10,340,213,63%,0,0,8.0,8.0,6.0,2.0,2.0,1.0,9.0,6.0,5.0,9.0,2.0,0.0,3.0,4.0
710774,2022-01-16 14:00:00+00:00,M. Dean,London Stadium,London,West Ham,Leeds,2,3,Away Win,5,6,15,4,13,2,6,4,1,47%,3,0,2,386,270,70%,5,9,18,4,14,4,9,3,1,53%,2,0,3,442,322,73%,0,0,9.0,11.0,8.0,3.0,0.0,2.0,10.5,4.0,8.0,17.0,1.0,1.0,3.0,-0.5
710787,2022-01-18 20:00:00+00:00,K. Friend,The American Express Community Stadium,"Falmer, East Sussex",Brighton,Chelsea,1,1,Draw,2,3,10,5,7,3,8,5,1,43%,1,0,2,438,360,82%,3,5,15,7,7,8,5,7,0,57%,2,0,1,579,503,87%,0,0,8.0,7.0,5.0,2.0,2.0,1.0,9.0,6.0,6.0,5.0,1.0,3.0,1.0,6.5
710720,2022-01-19 19:30:00+00:00,J. Moss,King Power Stadium,"Leicester, Leicestershire",Leicester,Tottenham,2,3,Away Win,4,5,14,5,8,6,6,3,1,49%,1,0,5,569,491,86%,10,10,27,7,17,10,12,8,0,51%,2,0,2,592,521,88%,0,0,7.0,11.0,10.0,2.0,1.0,2.0,7.5,11.0,10.0,3.0,3.0,2.0,0.0,14.5
710717,2022-01-19 20:00:00+00:00,A. Marriner,Brentford Community Stadium,"Brentford, Middlesex",Brentford,Manchester United,1,3,Away Win,9,4,18,5,13,5,7,6,3,44%,0,0,2,405,291,72%,5,2,13,6,7,6,9,9,0,56%,0,0,8,519,411,79%,0,0,3.0,3.0,11.0,1.0,0.0,4.0,-1.0,8.0,7.0,5.0,2.0,2.0,1.0,9.0
710785,2022-01-21 20:00:00+00:00,M. Dean,Vicarage Road,Watford,Watford,Norwich,0,3,Away Win,4,7,15,4,8,7,16,5,1,69%,2,1,0,565,464,82%,2,2,7,3,4,3,11,1,1,31%,1,0,3,259,152,59%,0,0,1.0,4.0,11.0,0.0,1.0,4.0,-2.5,3.0,2.0,13.0,1.0,0.0,4.0,-2.5
710780,2022-01-22 12:30:00+00:00,C. Pawson,Goodison Park,Liverpool,Everton,Aston Villa,0,1,Away Win,1,7,15,7,11,4,14,9,3,50%,5,0,2,338,228,67%,3,4,8,1,4,4,16,2,1,50%,4,0,0,361,255,71%,0,0,4.0,7.0,10.0,1.0,1.0,3.0,2.5,4.0,6.0,8.0,1.0,1.0,3.0,3.0
710783,2022-01-22 15:00:00+00:00,J. Moss,Old Trafford,Manchester,Manchester United,West Ham,1,0,Home Win,3,9,18,6,13,5,9,3,4,57%,1,0,2,548,453,83%,1,3,6,2,5,1,8,3,1,43%,1,0,2,413,308,75%,0,0,8.0,9.0,6.0,2.0,2.0,1.0,9.5,9.0,13.0,9.0,3.0,0.0,2.0,11.0
710777,2022-01-22 15:00:00+00:00,P. Bankes,Brentford Community Stadium,"Brentford, Middlesex",Brentford,Wolves,1,2,Away Win,1,5,11,5,7,4,6,6,0,50%,2,0,0,455,335,74%,2,3,7,2,3,4,7,3,4,50%,3,0,0,477,355,74%,0,0,3.0,4.0,12.0,1.0,0.0,4.0,-1.0,10.0,5.0,2.0,3.0,1.0,1.0,11.5
710781,2022-01-22 15:00:00+00:00,C. Kavanagh,Elland Road,"Leeds, West Yorkshire",Leeds,Newcastle,0,1,Away Win,4,4,13,5,8,5,9,6,0,63%,4,0,2,477,377,79%,3,4,15,8,6,9,9,7,0,37%,2,0,4,277,186,67%,0,0,6.0,9.0,17.0,2.0,0.0,3.0,2.0,2.0,3.0,13.0,0.0,2.0,3.0,-3.0
710784,2022-01-22 17:30:00+00:00,S. Hooper,St. Mary's Stadium,"Southampton, Hampshire",Southampton,Manchester City,1,1,Draw,3,3,7,1,6,1,13,2,2,26%,3,0,4,278,193,69%,5,8,20,7,11,9,5,11,0,74%,0,0,2,777,700,90%,0,0,8.0,11.0,9.0,2.0,2.0,1.0,9.0,15.0,14.0,4.0,5.0,0.0,0.0,20.0
710776,2022-01-23 14:00:00+00:00,D. Coote,Emirates Stadium,London,Arsenal,Burnley,0,0,Draw,5,8,20,7,13,7,9,12,0,76%,0,0,1,643,564,88%,1,6,10,3,5,5,13,4,2,24%,2,0,5,211,137,65%,0,0,12.0,15.0,3.0,4.0,0.0,1.0,18.0,2.0,2.0,7.0,0.0,2.0,3.0,-0.5
710782,2022-01-23 14:00:00+00:00,M. Atkinson,King Power Stadium,"Leicester, Leicestershire",Leicester,Brighton,1,1,Draw,5,3,15,7,9,6,6,4,3,44%,0,0,3,460,364,79%,5,4,14,5,7,7,8,5,3,56%,1,0,4,577,474,82%,0,0,6.0,11.0,11.0,2.0,0.0,3.0,6.0,9.0,8.0,5.0,2.0,3.0,0.0,10.5
710779,2022-01-23 14:00:00+00:00,K. Friend,Selhurst Park,London,Crystal Palace,Liverpool,1,3,Away Win,5,3,8,0,6,2,12,2,5,43%,4,0,4,431,328,76%,7,6,14,1,7,7,10,5,2,57%,1,0,4,576,465,81%,0,0,5.0,8.0,9.0,1.0,2.0,2.0,4.5,8.0,10.0,6.0,2.0,2.0,1.0,10.0
710778,2022-01-23 16:30:00+00:00,P. Tierney,Stamford Bridge,London,Chelsea,Tottenham,2,0,Home Win,7,5,15,3,9,6,17,10,0,65%,2,0,3,606,526,87%,3,2,6,1,4,2,14,3,1,35%,1,0,5,341,267,78%,0,0,6.0,7.0,6.0,1.0,3.0,1.0,6.5,11.0,10.0,5.0,3.0,2.0,0.0,13.5
710719,2022-02-05 18:00:00+00:00,C. Pawson,Turf Moor,Burnley,Burnley,Watford,0,0,Draw,2,7,13,4,7,6,16,4,3,52%,1,0,5,391,270,69%,5,4,11,2,7,4,9,7,0,48%,2,0,2,359,245,68%,0,0,2.0,2.0,7.0,0.0,2.0,3.0,-0.5,1.0,3.0,11.0,0.0,1.0,4.0,-3.0
710792,2022-02-08 19:45:00+00:00,A. Taylor,St. James' Park,Newcastle upon Tyne,Newcastle,Everton,3,1,Home Win,9,6,20,5,16,4,13,6,1,39%,2,0,2,292,191,65%,3,3,11,5,7,4,13,2,1,61%,3,0,7,454,350,77%,0,0,5.0,4.0,9.0,1.0,2.0,2.0,2.5,1.0,5.0,10.0,0.0,1.0,4.0,-1.5
710790,2022-02-08 19:45:00+00:00,M. Atkinson,London Stadium,London,West Ham,Watford,1,0,Home Win,3,4,9,2,8,1,1,5,3,64%,1,0,1,609,489,80%,1,4,6,1,2,4,6,6,1,36%,0,0,1,335,235,70%,0,0,9.0,11.0,7.0,3.0,0.0,2.0,11.0,2.0,2.0,9.0,0.0,2.0,3.0,-1.5
710788,2022-02-08 20:00:00+00:00,M. Dean,Turf Moor,Burnley,Burnley,Manchester United,1,1,Draw,3,5,9,1,4,5,11,2,2,36%,2,0,4,288,193,67%,5,5,22,12,16,6,10,10,1,64%,1,0,2,518,422,81%,0,0,3.0,2.0,6.0,0.0,3.0,2.0,1.0,10.0,9.0,5.0,3.0,1.0,1.0,12.0
710793,2022-02-09 19:45:00+00:00,D. Coote,Tottenham Hotspur Stadium,London,Tottenham,Southampton,2,3,Away Win,3,2,8,3,6,2,7,2,3,48%,2,0,6,433,347,80%,10,10,23,3,15,8,13,8,1,52%,3,0,2,472,387,82%,0,0,10.0,8.0,5.0,3.0,1.0,1.0,11.5,8.0,10.0,8.0,2.0,2.0,1.0,9.0
710795,2022-02-09 19:45:00+00:00,D. England,Etihad Stadium,Manchester,Manchester City,Brentford,2,0,Home Win,7,6,15,2,11,4,7,9,2,76%,0,0,2,709,627,88%,2,2,6,2,4,2,13,3,10,24%,0,0,5,227,135,59%,0,0,13.0,11.0,5.0,4.0,1.0,0.0,16.0,3.0,5.0,13.0,1.0,0.0,4.0,-1.0
710789,2022-02-09 19:45:00+00:00,P. Tierney,Carrow Road,"Norwich, Norfolk",Norwich,Crystal Palace,1,1,Draw,1,2,5,2,4,1,11,4,1,28%,1,0,4,256,159,62%,5,4,13,4,8,5,16,6,2,72%,2,0,0,669,574,86%,0,0,6.0,5.0,11.0,2.0,0.0,3.0,3.0,4.0,7.0,10.0,1.0,1.0,3.0,2.5
710786,2022-02-09 20:00:00+00:00,J. Gillett,Villa Park,Birmingham,Aston Villa,Leeds,3,3,Draw,4,6,12,2,8,4,11,6,1,40%,3,1,4,302,226,75%,8,5,16,3,11,5,9,11,2,60%,3,0,2,456,378,83%,0,0,7.0,7.0,7.0,2.0,1.0,2.0,7.0,6.0,7.0,15.0,2.0,0.0,3.0,2.0
710791,2022-02-10 19:45:00+00:00,M. Oliver,Molineux Stadium,"Wolverhampton, West Midlands",Wolves,Arsenal,0,1,Away Win,4,7,15,4,9,6,12,7,1,58%,2,0,1,481,393,82%,2,3,12,7,8,4,13,4,2,42%,5,1,4,356,272,76%,0,0,13.0,7.0,2.0,4.0,1.0,0.0,15.5,10.0,12.0,3.0,3.0,1.0,1.0,14.5
710794,2022-02-10 19:45:00+00:00,C. Kavanagh,Anfield,Liverpool,Liverpool,Leicester,2,0,Home Win,11,7,22,4,16,6,11,7,3,65%,1,0,1,665,563,85%,1,3,5,1,3,2,7,6,4,35%,0,0,9,362,257,71%,0,0,8.0,10.0,6.0,2.0,2.0,1.0,10.0,7.0,11.0,10.0,2.0,1.0,2.0,7.5
710801,2022-02-12 12:30:00+00:00,S. Attwell,Old Trafford,Manchester,Manchester United,Southampton,1,1,Draw,8,2,12,2,11,1,12,1,7,52%,4,0,3,469,382,81%,4,6,13,3,6,7,13,4,1,48%,0,0,6,430,347,81%,0,0,8.0,7.0,5.0,2.0,2.0,1.0,9.0,8.0,10.0,8.0,2.0,2.0,1.0,9.0
710796,2022-02-12 15:00:00+00:00,S. Hooper,Brentford Community Stadium,"Brentford, Middlesex",Brentford,Crystal Palace,0,0,Draw,2,5,9,2,8,1,10,3,0,43%,1,0,3,377,260,69%,3,2,6,1,4,2,10,9,0,57%,0,0,2,504,390,77%,0,0,0.0,3.0,14.0,0.0,0.0,5.0,-5.5,5.0,8.0,8.0,1.0,2.0,2.0,5.0
710805,2022-02-12 15:00:00+00:00,J. Moss,Vicarage Road,Watford,Watford,Brighton,0,2,Away Win,1,5,9,3,6,3,16,4,1,35%,3,0,3,315,216,69%,6,2,11,3,10,1,9,5,1,65%,2,0,1,592,469,79%,0,0,2.0,1.0,6.0,0.0,2.0,3.0,-0.5,7.0,7.0,6.0,1.0,4.0,0.0,7.5
710799,2022-02-12 15:00:00+00:00,G. Scott,Goodison Park,Liverpool,Everton,Leeds,3,0,Home Win,10,2,21,9,11,10,8,5,1,42%,1,0,0,344,255,74%,0,4,7,3,2,5,9,3,0,58%,1,0,7,467,374,80%,0,0,1.0,5.0,10.0,0.0,1.0,4.0,-1.5,7.0,10.0,11.0,2.0,1.0,2.0,6.5
710803,2022-02-12 17:30:00+00:00,A. Marriner,Carrow Road,"Norwich, Norfolk",Norwich,Manchester City,0,4,Away Win,3,4,8,1,7,1,7,4,2,29%,0,0,5,281,212,75%,9,8,22,5,18,4,8,12,2,71%,2,0,3,707,640,91%,0,0,7.0,6.0,7.0,2.0,1.0,2.0,6.5,13.0,7.0,2.0,4.0,1.0,0.0,15.5
710802,2022-02-13 14:00:00+00:00,C. Pawson,St. James' Park,Newcastle upon Tyne,Newcastle,Aston Villa,1,0,Home Win,2,4,10,4,5,5,22,3,3,37%,3,0,1,249,169,68%,1,6,11,4,5,6,15,6,2,63%,4,0,1,424,326,77%,0,0,8.0,6.0,7.0,2.0,2.0,1.0,7.5,5.0,8.0,10.0,1.0,2.0,2.0,4.0
710797,2022-02-13 14:00:00+00:00,M. Atkinson,Turf Moor,Burnley,Burnley,Liverpool,0,1,Away Win,5,3,8,0,5,3,7,5,7,33%,0,0,3,303,198,65%,4,5,12,3,8,4,6,8,3,67%,1,0,5,643,530,82%,0,0,3.0,3.0,7.0,0.0,3.0,2.0,1.0,10.0,10.0,4.0,3.0,1.0,1.0,13.0
710804,2022-02-13 14:00:00+00:00,K. Friend,Tottenham Hotspur Stadium,London,Tottenham,Wolves,0,2,Away Win,7,5,17,5,12,5,13,7,3,59%,3,0,5,572,478,84%,7,1,11,3,7,4,13,3,1,41%,1,0,7,412,310,75%,0,0,7.0,7.0,8.0,2.0,1.0,2.0,6.5,10.0,6.0,3.0,3.0,1.0,1.0,11.5
710800,2022-02-13 16:30:00+00:00,M. Oliver,King Power Stadium,"Leicester, Leicestershire",Leicester,West Ham,2,2,Draw,2,7,13,4,9,4,10,5,0,55%,1,0,1,550,453,82%,3,2,8,3,6,2,9,4,0,45%,2,0,0,433,345,80%,0,0,4.0,7.0,12.0,1.0,1.0,3.0,1.5,9.0,8.0,6.0,3.0,0.0,2.0,10.0
710729,2022-02-15 20:15:00+00:00,P. Bankes,Old Trafford,Manchester,Manchester United,Brighton,2,0,Home Win,7,4,19,8,7,12,8,10,1,50%,3,0,3,512,418,82%,3,6,10,1,5,5,10,2,1,50%,1,1,5,516,435,84%,0,0,9.0,8.0,5.0,2.0,3.0,0.0,10.5,9.0,8.0,5.0,2.0,3.0,0.0,10.5
710814,2022-02-19 12:30:00+00:00,C. Kavanagh,London Stadium,London,West Ham,Newcastle,1,1,Draw,3,2,11,6,10,1,3,3,2,47%,3,0,2,388,294,76%,3,5,14,6,8,6,7,7,1,53%,3,0,2,431,339,79%,0,0,7.0,7.0,6.0,2.0,1.0,2.0,7.5,11.0,7.0,3.0,3.0,2.0,0.0,13.0
710809,2022-02-19 15:00:00+00:00,D. Coote,Selhurst Park,London,Crystal Palace,Chelsea,0,1,Away Win,0,5,7,2,5,2,4,4,1,43%,1,0,2,373,296,79%,3,3,9,3,5,4,20,4,3,57%,3,0,0,518,428,83%,0,0,3.0,5.0,8.0,0.0,3.0,2.0,1.5,6.0,6.0,5.0,1.0,3.0,1.0,6.5
710807,2022-02-19 15:00:00+00:00,R. Jones,Villa Park,Birmingham,Aston Villa,Watford,0,1,Away Win,1,11,20,8,8,12,12,10,0,60%,1,0,3,550,462,84%,4,3,8,1,5,3,7,5,0,40%,2,0,1,383,288,75%,0,0,5.0,7.0,8.0,1.0,2.0,2.0,4.5,2.0,1.0,7.0,0.0,2.0,3.0,-1.0
710808,2022-02-19 15:00:00+00:00,K. Friend,The American Express Community Stadium,"Falmer, East Sussex",Brighton,Burnley,0,3,Away Win,1,6,11,4,6,5,12,4,1,69%,1,0,1,570,484,85%,4,2,10,4,6,4,12,4,3,31%,4,0,1,258,163,63%,0,0,6.0,5.0,5.0,1.0,3.0,1.0,6.0,3.0,2.0,5.0,0.0,3.0,2.0,1.5
710813,2022-02-19 15:00:00+00:00,A. Madley,St. Mary's Stadium,"Southampton, Hampshire",Southampton,Everton,2,0,Home Win,11,5,19,3,15,4,6,4,4,56%,0,0,0,506,399,79%,0,5,9,4,2,7,9,4,2,44%,2,0,9,401,282,70%,0,0,8.0,10.0,8.0,2.0,2.0,1.0,9.0,3.0,7.0,9.0,1.0,0.0,4.0,2.0
710806,2022-02-19 15:00:00+00:00,J. Moss,Emirates Stadium,London,Arsenal,Brentford,2,1,Home Win,8,8,24,8,17,7,10,14,1,66%,1,0,1,562,482,86%,2,1,6,3,3,3,5,0,2,34%,1,0,5,294,213,72%,0,0,10.0,11.0,3.0,3.0,1.0,1.0,14.0,1.0,2.0,10.0,0.0,1.0,4.0,-3.0
710811,2022-02-19 15:00:00+00:00,M. Dean,Anfield,Liverpool,Liverpool,Norwich,3,1,Home Win,8,11,29,10,16,13,7,8,1,69%,0,0,0,697,623,89%,1,4,6,1,3,3,8,4,5,31%,1,0,4,308,220,71%,0,0,13.0,11.0,3.0,4.0,1.0,0.0,17.0,7.0,6.0,8.0,2.0,1.0,2.0,6.0
710812,2022-02-19 17:30:00+00:00,A. Taylor,Etihad Stadium,Manchester,Manchester City,Tottenham,2,3,Away Win,4,11,21,6,16,5,5,10,1,71%,0,0,2,755,688,91%,5,1,6,0,4,2,7,0,3,29%,3,0,2,308,242,79%,0,0,13.0,10.0,2.0,4.0,1.0,0.0,17.0,6.0,6.0,9.0,2.0,0.0,3.0,4.5
710810,2022-02-20 14:00:00+00:00,P. Tierney,Elland Road,"Leeds, West Yorkshire",Leeds,Manchester United,2,4,Away Win,6,6,16,4,10,6,13,3,4,55%,6,0,5,409,320,78%,9,2,15,4,11,4,19,3,2,45%,3,0,4,340,247,73%,0,0,7.0,9.0,10.0,2.0,1.0,2.0,6.5,11.0,8.0,3.0,3.0,2.0,0.0,13.5
710815,2022-02-20 16:30:00+00:00,C. Pawson,Molineux Stadium,"Wolverhampton, West Midlands",Wolves,Leicester,2,1,Home Win,3,5,11,3,7,4,12,7,2,36%,4,0,6,319,250,78%,7,6,17,4,9,8,9,10,2,64%,4,0,1,566,496,88%,0,0,12.0,8.0,3.0,4.0,0.0,1.0,14.5,5.0,6.0,8.0,1.0,2.0,2.0,4.0
710733,2022-02-23 19:30:00+00:00,A. Marriner,Vicarage Road,Watford,Watford,Crystal Palace,1,4,Away Win,1,4,8,3,6,2,12,6,2,45%,2,0,1,456,363,80%,5,2,7,0,6,1,9,4,1,55%,1,0,0,556,469,84%,0,0,4.0,1.0,6.0,1.0,1.0,3.0,1.5,3.0,3.0,6.0,0.0,3.0,2.0,1.5
710679,2022-02-23 19:30:00+00:00,G. Scott,Turf Moor,Burnley,Burnley,Tottenham,1,0,Home Win,4,6,15,5,8,7,8,3,3,34%,0,0,2,326,259,79%,2,7,12,3,8,4,8,7,2,66%,0,0,3,639,543,85%,0,0,6.0,4.0,2.0,1.0,3.0,1.0,7.0,6.0,8.0,11.0,2.0,0.0,3.0,4.5
710739,2022-02-23 19:45:00+00:00,M. Oliver,Anfield,Liverpool,Liverpool,Leeds,6,0,Home Win,15,5,23,3,16,7,5,4,1,64%,0,0,2,672,583,87%,2,1,3,0,1,2,11,0,6,36%,3,0,8,378,280,74%,0,0,15.0,12.0,2.0,5.0,0.0,0.0,20.0,4.0,8.0,13.0,1.0,1.0,3.0,1.5
710746,2022-02-24 19:45:00+00:00,M. Atkinson,Emirates Stadium,London,Arsenal,Wolves,2,1,Home Win,5,11,26,10,20,6,8,5,2,56%,1,0,1,508,421,83%,2,4,6,0,5,1,9,4,2,44%,1,0,4,407,303,74%,0,0,10.0,9.0,3.0,3.0,1.0,1.0,13.0,12.0,9.0,4.0,4.0,0.0,1.0,14.5
710824,2022-02-25 20:00:00+00:00,S. Hooper,St. Mary's Stadium,"Southampton, Hampshire",Southampton,Norwich,2,0,Home Win,9,12,27,6,19,8,12,13,2,58%,1,0,1,501,407,81%,1,3,8,4,4,4,9,6,1,42%,2,0,7,360,273,76%,0,0,8.0,8.0,7.0,2.0,2.0,1.0,8.5,7.0,7.0,9.0,2.0,1.0,2.0,6.0
710822,2022-02-26 12:30:00+00:00,C. Pawson,Elland Road,"Leeds, West Yorkshire",Leeds,Tottenham,0,4,Away Win,3,10,19,6,12,7,16,3,0,50%,4,0,6,449,387,86%,11,2,15,2,13,2,11,6,3,50%,2,0,2,474,418,88%,0,0,1.0,5.0,17.0,0.0,1.0,4.0,-5.0,3.0,5.0,10.0,1.0,0.0,4.0,0.5
710823,2022-02-26 15:00:00+00:00,K. Friend,Old Trafford,Manchester,Manchester United,Watford,0,0,Draw,3,12,22,7,14,8,2,4,2,67%,0,0,2,676,574,85%,2,5,10,3,4,6,7,3,2,33%,0,0,3,335,236,70%,0,0,11.0,9.0,4.0,3.0,2.0,0.0,13.5,4.0,2.0,7.0,1.0,1.0,3.0,1.5
710820,2022-02-26 15:00:00+00:00,J. Moss,Selhurst Park,London,Crystal Palace,Burnley,1,1,Draw,4,2,11,5,6,5,5,5,0,59%,0,0,1,532,408,77%,1,2,5,2,2,3,16,4,2,41%,2,0,3,364,245,67%,0,0,5.0,6.0,6.0,1.0,2.0,2.0,5.0,8.0,5.0,2.0,2.0,2.0,1.0,9.5
710817,2022-02-26 15:00:00+00:00,M. Dean,Brentford Community Stadium,"Brentford, Middlesex",Brentford,Newcastle,0,2,Away Win,1,3,6,2,5,1,9,6,0,37%,3,1,9,301,199,66%,11,10,26,5,18,8,7,6,0,63%,1,0,1,504,418,83%,0,0,1.0,3.0,9.0,0.0,1.0,4.0,-2.0,11.0,7.0,3.0,3.0,2.0,0.0,13.0
710818,2022-02-26 15:30:00+00:00,J. Brooks,The American Express Community Stadium,"Falmer, East Sussex",Brighton,Aston Villa,0,2,Away Win,1,6,12,5,6,6,17,7,0,67%,4,0,2,569,499,88%,4,2,9,3,4,5,11,2,0,33%,5,0,1,289,228,79%,0,0,5.0,4.0,7.0,1.0,2.0,2.0,3.5,5.0,6.0,7.0,1.0,2.0,2.0,4.5
710821,2022-02-26 17:30:00+00:00,P. Tierney,Goodison Park,Liverpool,Everton,Manchester City,0,1,Away Win,2,3,6,1,4,2,7,3,4,33%,3,0,7,320,244,76%,8,3,13,2,8,5,14,4,2,67%,2,0,2,676,597,88%,0,0,3.0,5.0,8.0,1.0,0.0,4.0,1.5,10.0,10.0,4.0,3.0,1.0,1.0,13.0
710825,2022-02-27 14:00:00+00:00,A. Taylor,London Stadium,London,West Ham,Wolves,1,0,Home Win,4,8,13,1,7,6,8,3,2,39%,1,0,1,392,312,80%,1,4,14,9,7,7,2,5,1,61%,0,0,3,629,538,86%,0,0,5.0,6.0,7.0,1.0,2.0,2.0,4.5,9.0,7.0,5.0,3.0,0.0,2.0,10.0
710768,2022-03-01 19:45:00+00:00,C. Kavanagh,Turf Moor,Burnley,Burnley,Leicester,0,2,Away Win,2,4,9,3,7,2,10,6,4,45%,1,0,4,352,230,65%,6,6,22,10,14,8,13,8,3,55%,1,0,2,443,318,72%,0,0,8.0,6.0,3.0,2.0,2.0,1.0,9.5,2.0,6.0,10.0,0.0,2.0,3.0,0.0
710828,2022-03-05 12:30:00+00:00,D. Coote,King Power Stadium,"Leicester, Leicestershire",Leicester,Leeds,1,0,Home Win,4,0,7,3,3,4,9,5,2,51%,1,0,4,471,374,79%,4,9,19,6,16,3,12,10,0,49%,2,0,3,433,348,80%,0,0,5.0,6.0,7.0,1.0,2.0,2.0,4.5,1.0,5.0,20.0,0.0,1.0,4.0,-6.5
710832,2022-03-05 15:00:00+00:00,A. Taylor,Carrow Road,"Norwich, Norfolk",Norwich,Brentford,1,3,Away Win,7,3,15,5,9,6,13,5,1,60%,2,0,3,457,352,77%,6,1,10,3,6,4,18,5,3,40%,5,0,6,308,215,70%,0,0,4.0,5.0,10.0,1.0,1.0,3.0,1.5,1.0,2.0,8.0,0.0,1.0,4.0,-2.0
710826,2022-03-05 15:00:00+00:00,P. Bankes,Villa Park,Birmingham,Aston Villa,Southampton,4,0,Home Win,9,4,14,1,11,3,10,4,0,38%,1,0,1,353,261,74%,1,7,11,3,5,6,8,7,1,62%,1,0,5,556,469,84%,0,0,7.0,6.0,5.0,2.0,1.0,2.0,7.5,11.0,9.0,4.0,3.0,2.0,0.0,13.5
710827,2022-03-05 15:00:00+00:00,A. Marriner,Turf Moor,Burnley,Burnley,Chelsea,0,4,Away Win,1,2,6,3,4,2,12,5,1,27%,2,0,1,285,194,68%,5,0,11,6,5,6,7,2,1,73%,0,0,0,790,712,90%,0,0,7.0,5.0,4.0,2.0,1.0,2.0,7.5,8.0,6.0,4.0,2.0,2.0,1.0,9.0
710835,2022-03-05 15:00:00+00:00,A. Madley,Molineux Stadium,"Wolverhampton, West Midlands",Wolves,Crystal Palace,0,2,Away Win,5,4,12,3,6,6,13,7,1,64%,0,0,6,561,456,81%,8,1,12,3,11,1,8,7,8,36%,3,0,5,308,227,74%,0,0,6.0,5.0,5.0,2.0,0.0,3.0,6.0,6.0,6.0,4.0,1.0,3.0,1.0,7.0
710831,2022-03-05 15:00:00+00:00,M. Atkinson,St. James' Park,Newcastle upon Tyne,Newcastle,Brighton,2,1,Home Win,4,4,10,2,10,0,8,4,0,32%,1,0,3,304,191,63%,4,3,15,8,11,4,10,7,4,68%,1,0,2,634,524,83%,0,0,13.0,8.0,2.0,4.0,1.0,0.0,16.0,4.0,3.0,8.0,1.0,1.0,3.0,1.5
710829,2022-03-05 17:30:00+00:00,J. Moss,Anfield,Liverpool,Liverpool,West Ham,1,0,Home Win,5,10,22,7,11,11,7,4,1,69%,2,0,4,715,619,87%,5,5,13,3,10,3,7,6,4,31%,1,0,4,316,231,73%,0,0,15.0,15.0,2.0,5.0,0.0,0.0,21.5,8.0,5.0,4.0,2.0,2.0,1.0,8.5
710834,2022-03-06 14:00:00+00:00,C. Pawson,Vicarage Road,Watford,Watford,Arsenal,2,3,Away Win,7,3,13,3,7,6,5,1,2,43%,1,0,1,428,326,76%,4,9,16,3,11,5,12,5,0,57%,2,0,5,556,469,84%,0,0,4.0,2.0,7.0,1.0,1.0,3.0,1.5,10.0,6.0,4.0,3.0,1.0,1.0,11.0
710830,2022-03-06 16:30:00+00:00,M. Oliver,Etihad Stadium,Manchester,Manchester City,Manchester United,4,1,Home Win,10,6,24,8,20,4,10,9,0,69%,0,0,2,753,700,93%,2,1,5,2,4,1,14,3,1,31%,1,0,6,331,276,83%,0,0,10.0,10.0,4.0,3.0,1.0,1.0,13.0,9.0,8.0,4.0,2.0,3.0,0.0,11.0
710833,2022-03-07 20:00:00+00:00,S. Attwell,Tottenham Hotspur Stadium,London,Tottenham,Everton,5,0,Home Win,7,5,14,2,12,2,15,5,0,55%,2,0,0,650,583,90%,0,2,6,4,2,4,10,2,1,45%,0,0,3,530,457,86%,0,0,6.0,9.0,8.0,2.0,0.0,3.0,6.5,3.0,4.0,7.0,1.0,0.0,4.0,1.5
710745,2022-03-10 19:30:00+00:00,D. England,Molineux Stadium,"Wolverhampton, West Midlands",Wolves,Watford,4,0,Home Win,5,4,10,1,6,4,11,5,1,66%,2,0,0,666,591,89%,0,5,9,4,5,4,10,2,4,34%,2,0,2,343,269,78%,0,0,6.0,5.0,6.0,2.0,0.0,3.0,5.5,4.0,4.0,9.0,1.0,1.0,3.0,1.5
710764,2022-03-10 19:30:00+00:00,K. Friend,St. Mary's Stadium,"Southampton, Hampshire",Southampton,Newcastle,1,2,Away Win,5,4,14,5,11,3,6,12,1,68%,1,0,1,648,545,84%,4,1,8,3,5,3,7,5,1,32%,1,0,4,306,210,69%,0,0,10.0,8.0,7.0,3.0,1.0,1.0,10.5,13.0,9.0,3.0,4.0,1.0,0.0,16.0
710852,2022-03-10 19:30:00+00:00,M. Atkinson,Carrow Road,"Norwich, Norfolk",Norwich,Chelsea,1,3,Away Win,3,4,8,1,2,6,8,3,2,34%,0,0,4,353,292,83%,7,5,15,3,12,3,15,8,1,66%,2,0,2,712,653,92%,0,0,1.0,3.0,13.0,0.0,1.0,4.0,-4.0,10.0,8.0,2.0,3.0,1.0,1.0,13.0
710751,2022-03-10 19:45:00+00:00,S. Hooper,Elland Road,"Leeds, West Yorkshire",Leeds,Aston Villa,0,3,Away Win,1,2,4,1,2,2,17,3,3,51%,5,0,6,419,329,79%,9,2,15,4,9,6,11,5,5,49%,3,0,1,407,338,83%,0,0,0.0,2.0,18.0,0.0,0.0,5.0,-8.0,7.0,9.0,5.0,2.0,1.0,2.0,9.0
710838,2022-03-12 12:30:00+00:00,M. Dean,The American Express Community Stadium,"Falmer, East Sussex",Brighton,Liverpool,0,2,Away Win,3,4,8,1,4,4,12,7,1,52%,3,0,7,430,336,78%,9,6,18,3,15,3,15,5,1,48%,1,0,3,401,313,78%,0,0,3.0,3.0,9.0,1.0,0.0,4.0,0.0,15.0,13.0,1.0,5.0,0.0,0.0,21.0
710837,2022-03-12 15:00:00+00:00,P. Tierney,Brentford Community Stadium,"Brentford, Middlesex",Brentford,Burnley,2,0,Home Win,4,3,13,6,7,6,6,2,4,55%,1,0,1,475,325,68%,1,5,7,1,3,4,10,9,4,45%,1,1,1,373,238,64%,0,0,4.0,4.0,7.0,1.0,1.0,3.0,2.5,7.0,5.0,7.0,2.0,1.0,2.0,6.0
710843,2022-03-12 17:30:00+00:00,J. Moss,Old Trafford,Manchester,Manchester United,Tottenham,3,2,Home Win,6,3,10,1,8,2,8,4,0,44%,2,0,1,459,391,85%,3,2,10,5,7,3,7,5,2,56%,1,0,3,584,520,89%,0,0,8.0,8.0,7.0,2.0,2.0,1.0,8.5,9.0,12.0,5.0,3.0,0.0,2.0,12.5
710844,2022-03-13 14:00:00+00:00,G. Scott,St. Mary's Stadium,"Southampton, Hampshire",Southampton,Watford,1,2,Away Win,7,5,13,1,10,3,8,11,0,63%,3,0,3,498,386,78%,5,3,9,1,6,3,12,3,0,37%,2,0,5,306,203,66%,0,0,7.0,6.0,7.0,2.0,1.0,2.0,6.5,4.0,4.0,11.0,1.0,1.0,3.0,0.5
710841,2022-03-13 14:00:00+00:00,M. Oliver,Goodison Park,Liverpool,Everton,Wolves,0,1,Away Win,2,5,7,0,3,4,13,5,7,38%,4,1,2,356,276,78%,3,5,14,6,5,9,11,2,0,62%,1,0,2,597,518,87%,0,0,3.0,4.0,11.0,1.0,0.0,4.0,-0.5,6.0,7.0,6.0,2.0,0.0,3.0,6.5
710845,2022-03-13 14:00:00+00:00,J. Gillett,London Stadium,London,West Ham,Aston Villa,2,1,Home Win,4,5,11,2,7,4,9,5,0,47%,1,0,6,443,365,82%,7,2,13,4,9,4,3,7,0,53%,0,0,2,501,423,84%,0,0,8.0,5.0,4.0,2.0,2.0,1.0,8.5,9.0,9.0,2.0,3.0,0.0,2.0,12.5
710839,2022-03-13 14:00:00+00:00,D. Coote,Stamford Bridge,London,Chelsea,Newcastle,1,0,Home Win,3,4,8,1,5,3,17,7,3,73%,4,0,2,570,491,86%,2,5,7,0,5,2,17,2,6,27%,3,0,2,209,130,62%,0,0,13.0,11.0,2.0,4.0,1.0,0.0,17.5,13.0,8.0,3.0,4.0,1.0,0.0,15.5
710842,2022-03-13 14:00:00+00:00,S. Attwell,Elland Road,"Leeds, West Yorkshire",Leeds,Norwich,2,1,Home Win,7,5,13,1,10,3,18,6,2,53%,3,0,3,421,315,75%,4,4,12,4,5,7,8,2,3,47%,1,0,5,382,278,73%,0,0,0.0,2.0,18.0,0.0,0.0,5.0,-8.0,0.0,3.0,15.0,0.0,0.0,5.0,-6.0
710836,2022-03-13 16:30:00+00:00,A. Taylor,Emirates Stadium,London,Arsenal,Leicester,2,0,Home Win,8,4,21,9,16,5,8,2,2,46%,0,0,3,481,414,86%,3,1,6,2,4,2,10,6,0,54%,3,0,5,564,494,88%,0,0,13.0,8.0,4.0,4.0,1.0,0.0,15.0,7.0,6.0,6.0,2.0,1.0,2.0,7.0
710840,2022-03-14 20:00:00+00:00,M. Atkinson,Selhurst Park,London,Crystal Palace,Manchester City,0,0,Draw,1,5,7,1,6,1,6,2,2,26%,3,0,5,269,174,65%,4,8,18,6,12,6,11,6,3,74%,1,0,1,764,662,87%,0,0,8.0,7.0,3.0,2.0,2.0,1.0,10.0,12.0,13.0,4.0,4.0,0.0,1.0,16.5
710708,2022-03-16 19:30:00+00:00,R. Jones,The American Express Community Stadium,"Falmer, East Sussex",Brighton,Tottenham,0,2,Away Win,0,7,15,8,9,6,11,6,3,48%,2,0,5,496,424,85%,7,4,17,6,10,7,9,3,1,52%,2,0,0,551,481,87%,0,0,0.0,1.0,11.0,0.0,0.0,5.0,-5.0,9.0,14.0,6.0,3.0,0.0,2.0,13.0
710816,2022-03-16 20:15:00+00:00,A. Marriner,Emirates Stadium,London,Arsenal,Liverpool,0,2,Away Win,2,3,9,4,3,6,9,1,4,48%,0,0,1,505,407,81%,3,2,9,4,7,2,9,6,2,52%,1,0,2,528,434,82%,0,0,15.0,10.0,4.0,5.0,0.0,0.0,18.0,15.0,13.0,1.0,5.0,0.0,0.0,21.0
710750,2022-03-17 19:45:00+00:00,C. Pawson,Goodison Park,Liverpool,Everton,Newcastle,1,0,Home Win,3,3,9,3,5,4,13,5,1,38%,2,1,6,276,183,66%,6,6,17,5,8,9,11,7,1,62%,1,0,2,446,343,77%,0,0,3.0,3.0,9.0,1.0,0.0,4.0,0.0,10.0,7.0,4.0,3.0,1.0,1.0,11.5
710855,2022-03-18 20:00:00+00:00,K. Friend,Molineux Stadium,"Wolverhampton, West Midlands",Wolves,Leeds,2,3,Away Win,8,4,14,2,8,6,13,2,1,48%,3,1,2,414,333,80%,6,7,15,2,11,4,14,5,3,52%,5,0,6,448,360,80%,0,0,6.0,6.0,5.0,2.0,0.0,3.0,6.5,3.0,2.0,15.0,1.0,0.0,4.0,-3.5
710846,2022-03-19 12:30:00+00:00,A. Madley,Villa Park,Birmingham,Aston Villa,Arsenal,0,1,Away Win,1,6,8,1,5,3,13,6,1,47%,3,0,3,441,374,85%,3,3,10,4,4,6,14,5,1,53%,3,0,1,521,449,86%,0,0,9.0,10.0,3.0,3.0,0.0,2.0,12.5,12.0,9.0,6.0,4.0,0.0,1.0,13.5
710848,2022-03-20 14:00:00+00:00,D. England,King Power Stadium,"Leicester, Leicestershire",Leicester,Brentford,2,1,Home Win,4,6,12,2,6,6,10,2,2,53%,1,0,5,514,441,86%,6,3,15,6,11,4,10,5,3,47%,2,0,2,452,372,82%,0,0,7.0,6.0,6.0,2.0,1.0,2.0,7.0,7.0,6.0,5.0,2.0,1.0,2.0,7.5
710853,2022-03-20 16:30:00+00:00,A. Taylor,Tottenham Hotspur Stadium,London,Tottenham,West Ham,3,1,Home Win,4,8,17,5,11,6,7,5,1,53%,0,0,0,604,546,90%,1,5,6,0,6,0,7,3,0,47%,1,0,2,544,483,89%,0,0,9.0,13.0,4.0,3.0,0.0,2.0,13.5,8.0,6.0,5.0,2.0,2.0,1.0,8.5
710861,2022-04-02 11:30:00+00:00,S. Attwell,Anfield,Liverpool,Liverpool,Watford,2,0,Home Win,3,10,20,7,12,8,9,9,1,73%,1,0,2,716,606,85%,2,2,5,1,4,1,8,3,3,27%,1,0,1,263,166,63%,0,0,15.0,14.0,1.0,5.0,0.0,0.0,21.5,4.0,5.0,12.0,1.0,1.0,3.0,0.5
710865,2022-04-02 14:00:00+00:00,D. England,Molineux Stadium,"Wolverhampton, West Midlands",Wolves,Aston Villa,2,1,Home Win,5,4,11,2,8,3,15,4,1,48%,4,0,4,421,337,80%,5,7,15,3,9,6,8,9,1,52%,3,0,3,441,371,84%,0,0,6.0,7.0,6.0,2.0,0.0,3.0,6.5,9.0,10.0,3.0,3.0,0.0,2.0,12.5
710857,2022-04-02 14:00:00+00:00,C. Pawson,Turf Moor,Burnley,Burnley,Manchester City,0,2,Away Win,1,2,3,0,2,1,11,1,5,23%,1,0,4,235,159,68%,6,9,18,3,13,5,6,8,0,77%,0,0,1,778,693,89%,0,0,4.0,2.0,9.0,1.0,1.0,3.0,0.5,10.0,11.0,4.0,3.0,1.0,1.0,13.5
710858,2022-04-02 14:00:00+00:00,A. Madley,Stamford Bridge,London,Chelsea,Brentford,1,4,Away Win,8,9,21,4,12,9,11,12,0,71%,0,0,2,641,582,91%,6,5,17,6,14,3,7,7,0,29%,0,0,7,260,187,72%,0,0,15.0,11.0,1.0,5.0,0.0,0.0,20.0,6.0,7.0,7.0,2.0,0.0,3.0,6.0
710856,2022-04-02 14:00:00+00:00,S. Hooper,The American Express Community Stadium,"Falmer, East Sussex",Brighton,Norwich,0,0,Draw,4,18,31,9,17,14,12,11,1,63%,1,0,0,478,389,81%,0,3,6,3,4,2,11,2,1,37%,1,0,4,288,191,66%,0,0,0.0,1.0,11.0,0.0,0.0,5.0,-5.0,0.0,4.0,13.0,0.0,0.0,5.0,-4.5
710860,2022-04-02 14:00:00+00:00,A. Taylor,Elland Road,"Leeds, West Yorkshire",Leeds,Southampton,1,1,Draw,3,2,12,7,7,5,14,4,0,56%,1,0,4,470,333,71%,6,4,14,4,10,4,7,7,0,44%,1,0,2,360,235,65%,0,0,6.0,5.0,11.0,2.0,0.0,3.0,3.0,6.0,6.0,8.0,2.0,0.0,3.0,5.0
710862,2022-04-02 16:30:00+00:00,A. Marriner,Old Trafford,Manchester,Manchester United,Leicester,1,1,Draw,5,5,11,1,10,1,13,6,4,54%,2,0,2,582,500,86%,3,6,11,2,8,3,6,5,1,46%,2,0,4,495,417,84%,0,0,10.0,10.0,8.0,3.0,1.0,1.0,11.0,9.0,6.0,5.0,3.0,0.0,2.0,9.5
710864,2022-04-03 13:00:00+00:00,M. Oliver,London Stadium,London,West Ham,Everton,2,1,Home Win,5,4,11,2,6,5,9,2,1,56%,1,0,1,529,441,83%,2,6,13,5,8,5,12,4,1,44%,4,1,4,407,336,83%,0,0,7.0,5.0,6.0,2.0,1.0,2.0,6.5,3.0,1.0,9.0,1.0,0.0,4.0,-1.0
710863,2022-04-03 15:30:00+00:00,M. Atkinson,Tottenham Hotspur Stadium,London,Tottenham,Newcastle,5,1,Home Win,6,8,19,5,13,6,10,2,0,61%,2,0,0,604,548,91%,1,3,8,4,4,4,7,3,4,39%,3,0,1,379,324,85%,0,0,12.0,16.0,4.0,4.0,0.0,1.0,18.0,9.0,6.0,4.0,3.0,0.0,2.0,10.0
710859,2022-04-04 19:00:00+00:00,P. Tierney,Selhurst Park,London,Crystal Palace,Arsenal,3,0,Home Win,5,1,6,0,3,3,11,0,2,31%,0,0,3,293,208,71%,3,8,12,1,6,6,15,2,4,69%,2,0,2,647,557,86%,0,0,8.0,7.0,3.0,2.0,2.0,1.0,10.0,12.0,8.0,5.0,4.0,0.0,1.0,13.5
710738,2022-04-06 18:30:00+00:00,M. Dean,Turf Moor,Burnley,Burnley,Everton,3,2,Home Win,4,6,13,3,10,3,11,9,1,51%,2,0,2,337,221,66%,4,4,16,8,12,4,16,6,0,49%,2,0,1,324,206,64%,0,0,1.0,1.0,11.0,0.0,1.0,4.0,-4.0,3.0,2.0,9.0,1.0,0.0,4.0,-0.5
710872,2022-04-08 19:00:00+00:00,P. Bankes,St. James' Park,Newcastle upon Tyne,Newcastle,Wolves,1,0,Home Win,4,3,12,5,8,4,6,1,1,41%,1,0,2,378,308,81%,2,2,5,1,3,2,13,2,0,59%,1,0,3,546,453,83%,0,0,6.0,5.0,9.0,2.0,0.0,3.0,4.0,9.0,9.0,6.0,3.0,0.0,2.0,10.5
710869,2022-04-09 11:30:00+00:00,J. Moss,Goodison Park,Liverpool,Everton,Manchester United,1,0,Home Win,3,2,7,2,4,3,4,5,1,33%,2,0,4,307,203,66%,4,1,12,7,7,5,10,7,2,67%,2,0,2,641,523,82%,0,0,3.0,4.0,11.0,1.0,0.0,4.0,-0.5,8.0,9.0,9.0,2.0,2.0,1.0,8.0
710875,2022-04-09 14:00:00+00:00,A. Marriner,Vicarage Road,Watford,Watford,Leeds,0,3,Away Win,1,7,8,0,3,5,8,3,3,48%,2,0,2,380,253,67%,5,5,10,0,6,4,12,7,1,52%,0,0,1,412,263,64%,0,0,4.0,4.0,10.0,1.0,1.0,3.0,1.0,7.0,6.0,8.0,2.0,1.0,2.0,6.0
710874,2022-04-09 14:00:00+00:00,K. Friend,St. Mary's Stadium,"Southampton, Hampshire",Southampton,Chelsea,0,6,Away Win,1,0,4,3,2,2,11,2,0,29%,1,0,8,292,218,75%,14,8,24,2,18,6,10,3,1,71%,0,0,1,748,662,89%,0,0,4.0,5.0,9.0,1.0,1.0,3.0,2.0,12.0,10.0,5.0,4.0,0.0,1.0,14.5
710866,2022-04-09 14:00:00+00:00,D. Coote,Emirates Stadium,London,Arsenal,Brighton,1,2,Away Win,4,5,20,11,13,7,12,11,2,65%,3,0,1,512,426,83%,3,4,8,1,2,6,19,2,2,35%,4,0,3,283,202,71%,0,0,9.0,6.0,7.0,3.0,0.0,2.0,8.5,1.0,1.0,8.0,0.0,1.0,4.0,-2.5
710867,2022-04-09 16:30:00+00:00,G. Scott,Villa Park,Birmingham,Aston Villa,Tottenham,0,4,Away Win,8,5,19,6,13,6,12,9,1,52%,2,0,1,477,424,89%,5,1,11,5,7,4,14,3,2,48%,3,0,8,461,404,88%,0,0,6.0,9.0,5.0,2.0,0.0,3.0,8.0,12.0,17.0,5.0,4.0,0.0,1.0,18.0
710870,2022-04-10 13:00:00+00:00,R. Jones,King Power Stadium,"Leicester, Leicestershire",Leicester,Crystal Palace,2,1,Home Win,3,3,12,6,6,6,11,3,0,51%,1,0,2,511,429,84%,3,3,11,5,11,0,12,4,0,49%,1,0,1,495,413,83%,0,0,10.0,6.0,4.0,3.0,1.0,1.0,11.0,11.0,10.0,2.0,3.0,2.0,0.0,15.0
710868,2022-04-10 13:00:00+00:00,M. Atkinson,Brentford Community Stadium,"Brentford, Middlesex",Brentford,West Ham,2,0,Home Win,7,3,15,5,12,3,2,4,1,47%,0,0,1,477,398,83%,1,3,5,1,3,2,6,6,2,53%,1,0,5,540,455,84%,0,0,9.0,10.0,6.0,3.0,0.0,2.0,11.0,9.0,6.0,6.0,3.0,0.0,2.0,9.0
710873,2022-04-10 13:00:00+00:00,M. Oliver,Carrow Road,"Norwich, Norfolk",Norwich,Burnley,2,0,Home Win,6,6,17,5,9,8,12,6,3,45%,1,0,3,352,229,65%,4,9,18,5,11,7,10,7,3,55%,1,0,4,412,283,69%,0,0,1.0,3.0,10.0,0.0,1.0,4.0,-2.5,3.0,3.0,12.0,1.0,0.0,4.0,-1.5
710871,2022-04-10 15:30:00+00:00,A. Taylor,Etihad Stadium,Manchester,Manchester City,Liverpool,2,2,Draw,5,4,11,2,7,4,9,4,5,55%,1,0,2,566,486,86%,4,2,6,0,4,2,11,1,2,45%,4,0,2,468,377,81%,0,0,10.0,9.0,4.0,3.0,1.0,1.0,12.5,15.0,13.0,0.0,5.0,0.0,0.0,21.5
710882,2022-04-16 11:30:00+00:00,C. Pawson,Tottenham Hotspur Stadium,London,Tottenham,Brighton,0,1,Away Win,0,3,5,2,3,2,14,4,0,49%,3,0,3,480,393,82%,5,5,12,2,8,4,10,4,3,51%,3,0,0,499,419,84%,0,0,12.0,16.0,5.0,4.0,0.0,1.0,17.5,4.0,3.0,7.0,1.0,1.0,3.0,2.0
710879,2022-04-16 14:00:00+00:00,A. Madley,Old Trafford,Manchester,Manchester United,Norwich,3,2,Home Win,9,5,20,6,12,8,8,6,3,61%,0,0,2,623,556,89%,4,7,15,4,8,7,6,7,0,39%,0,0,6,386,313,81%,0,0,5.0,5.0,8.0,1.0,2.0,2.0,3.5,4.0,5.0,8.0,1.0,1.0,3.0,2.5
710883,2022-04-16 14:00:00+00:00,S. Hooper,Vicarage Road,Watford,Watford,Brentford,1,2,Away Win,4,8,17,5,12,5,11,6,0,51%,2,0,3,396,301,76%,5,7,16,4,9,7,9,5,0,49%,1,0,3,382,282,74%,0,0,3.0,4.0,13.0,1.0,0.0,4.0,-1.5,12.0,12.0,4.0,4.0,0.0,1.0,16.0
710881,2022-04-16 14:00:00+00:00,P. Bankes,St. Mary's Stadium,"Southampton, Hampshire",Southampton,Arsenal,1,0,Home Win,3,1,9,5,6,3,6,6,2,24%,2,0,6,213,131,62%,6,12,23,5,13,10,6,8,0,76%,1,0,2,655,582,89%,0,0,1.0,3.0,15.0,0.0,1.0,4.0,-5.0,6.0,4.0,7.0,2.0,0.0,3.0,4.5
710880,2022-04-17 13:15:00+00:00,J. Gillett,St. James' Park,Newcastle upon Tyne,Newcastle,Leicester,2,1,Home Win,7,8,16,1,10,6,10,3,1,31%,2,0,1,264,169,64%,2,2,8,4,5,3,10,5,0,69%,2,0,5,584,490,84%,0,0,6.0,4.0,8.0,2.0,0.0,3.0,4.0,10.0,6.0,5.0,3.0,1.0,1.0,10.5
710884,2022-04-17 13:15:00+00:00,P. Tierney,London Stadium,London,West Ham,Burnley,1,1,Draw,8,8,21,5,17,4,9,13,1,61%,2,0,0,506,428,85%,1,6,9,2,8,1,10,4,1,39%,2,0,5,325,237,73%,0,0,6.0,5.0,8.0,2.0,0.0,3.0,4.5,3.0,3.0,12.0,1.0,0.0,4.0,-1.5
710849,2022-04-19 19:00:00+00:00,M. Atkinson,Anfield,Liverpool,Liverpool,Manchester United,4,0,Home Win,5,6,14,3,11,3,3,9,3,72%,1,0,1,897,818,91%,1,0,2,1,1,1,6,2,2,28%,2,0,1,354,260,73%,0,0,13.0,9.0,2.0,4.0,1.0,0.0,16.5,7.0,8.0,10.0,2.0,1.0,2.0,6.0
710851,2022-04-20 18:45:00+00:00,T. Harrington,St. James' Park,Newcastle upon Tyne,Newcastle,Crystal Palace,1,0,Home Win,4,3,13,6,9,4,12,2,2,36%,1,0,2,347,261,75%,2,6,10,2,9,1,12,5,3,64%,1,0,3,589,490,83%,0,0,6.0,4.0,8.0,2.0,0.0,3.0,4.0,8.0,7.0,3.0,2.0,2.0,1.0,10.0
710727,2022-04-20 18:45:00+00:00,D. Coote,Goodison Park,Liverpool,Everton,Leicester,1,1,Draw,3,8,13,2,8,5,8,5,0,37%,4,0,2,353,259,73%,3,1,11,7,7,4,17,4,1,63%,2,0,2,631,517,82%,0,0,6.0,5.0,6.0,2.0,0.0,3.0,5.5,7.0,6.0,7.0,2.0,1.0,2.0,6.5
710798,2022-04-20 18:45:00+00:00,J. Moss,Stamford Bridge,London,Chelsea,Arsenal,2,4,Away Win,2,5,11,4,9,2,7,6,1,68%,3,0,0,704,605,86%,4,7,14,3,10,4,6,1,4,32%,1,0,0,332,251,76%,0,0,12.0,15.0,5.0,4.0,0.0,1.0,17.0,3.0,2.0,8.0,1.0,0.0,4.0,0.0
710850,2022-04-20 19:00:00+00:00,M. Dean,Etihad Stadium,Manchester,Manchester City,Brighton,3,0,Home Win,5,4,17,8,9,8,12,7,1,65%,0,0,1,667,586,88%,1,1,2,0,1,1,7,4,2,35%,3,0,2,353,260,74%,0,0,11.0,9.0,3.0,3.0,2.0,0.0,14.0,7.0,3.0,5.0,2.0,1.0,2.0,6.0
710847,2022-04-21 18:45:00+00:00,S. Attwell,Turf Moor,Burnley,Burnley,Southampton,2,0,Home Win,6,4,16,6,11,5,7,10,3,43%,2,0,4,354,244,69%,3,4,11,4,10,1,7,10,2,57%,2,0,4,479,396,83%,0,0,4.0,4.0,9.0,1.0,1.0,3.0,1.5,4.0,4.0,11.0,1.0,1.0,3.0,0.5
710886,2022-04-23 11:30:00+00:00,C. Pawson,Emirates Stadium,London,Arsenal,Manchester United,3,1,Home Win,7,5,14,2,9,5,9,1,2,55%,3,0,4,507,430,85%,5,6,14,3,9,5,12,7,2,45%,4,0,4,412,337,82%,0,0,6.0,6.0,8.0,2.0,0.0,3.0,5.0,7.0,7.0,10.0,2.0,1.0,2.0,5.5
710892,2022-04-23 14:00:00+00:00,A. Madley,King Power Stadium,"Leicester, Leicestershire",Leicester,Aston Villa,0,0,Draw,2,3,5,0,1,4,15,7,0,64%,3,0,3,520,444,85%,3,4,11,4,7,4,16,6,1,36%,2,0,2,289,198,69%,0,0,8.0,7.0,6.0,2.0,2.0,1.0,8.5,3.0,5.0,9.0,1.0,0.0,4.0,1.0
710894,2022-04-23 14:00:00+00:00,K. Friend,Etihad Stadium,Manchester,Manchester City,Watford,5,1,Home Win,8,7,21,6,18,3,9,11,0,74%,1,0,1,701,619,88%,2,2,5,1,5,0,7,4,2,26%,0,0,4,247,180,73%,0,0,11.0,11.0,3.0,3.0,2.0,0.0,15.0,3.0,3.0,12.0,1.0,0.0,4.0,-1.5
710895,2022-04-23 14:00:00+00:00,C. Kavanagh,Carrow Road,"Norwich, Norfolk",Norwich,Newcastle,0,3,Away Win,2,3,5,0,4,1,11,2,1,45%,0,0,4,417,315,76%,7,6,13,0,10,3,10,3,0,55%,2,0,2,506,420,83%,0,0,4.0,6.0,8.0,1.0,1.0,3.0,3.0,9.0,5.0,7.0,3.0,0.0,2.0,8.0
710887,2022-04-23 16:30:00+00:00,M. Atkinson,Brentford Community Stadium,"Brentford, Middlesex",Brentford,Tottenham,0,0,Draw,2,6,15,7,10,5,8,12,1,44%,2,0,0,393,296,75%,0,4,9,5,7,2,7,8,1,56%,1,0,1,508,431,85%,0,0,12.0,11.0,4.0,4.0,0.0,1.0,15.5,12.0,14.0,3.0,4.0,0.0,1.0,17.5
710889,2022-04-24 13:00:00+00:00,A. Taylor,Turf Moor,Burnley,Burnley,Wolves,1,0,Home Win,5,5,14,4,10,4,8,3,5,36%,3,0,4,324,240,74%,4,1,10,5,6,4,7,6,2,64%,1,0,4,590,488,83%,0,0,7.0,6.0,7.0,2.0,1.0,2.0,6.5,9.0,9.0,5.0,3.0,0.0,2.0,11.0
710890,2022-04-24 13:00:00+00:00,M. Oliver,Stamford Bridge,London,Chelsea,West Ham,1,0,Home Win,5,9,26,12,14,12,11,3,2,67%,1,0,2,710,628,88%,2,2,6,2,5,1,9,1,2,33%,0,1,4,354,264,75%,0,0,9.0,13.0,9.0,3.0,0.0,2.0,11.0,7.0,6.0,8.0,2.0,1.0,2.0,6.0
710888,2022-04-24 13:00:00+00:00,R. Jones,The American Express Community Stadium,"Falmer, East Sussex",Brighton,Southampton,2,2,Draw,5,0,8,3,7,1,12,6,2,49%,1,0,3,352,229,65%,5,6,18,7,9,9,7,6,3,51%,0,0,4,366,258,70%,0,0,7.0,3.0,6.0,2.0,1.0,2.0,5.5,4.0,3.0,11.0,1.0,1.0,3.0,0.0
710893,2022-04-24 15:30:00+00:00,S. Attwell,Anfield,Liverpool,Liverpool,Everton,2,0,Home Win,4,11,18,3,12,6,8,13,1,82%,2,0,1,786,700,89%,1,4,9,4,5,4,8,1,0,18%,5,0,2,173,95,55%,0,0,13.0,12.0,2.0,4.0,1.0,0.0,18.0,7.0,6.0,6.0,2.0,1.0,2.0,7.0
710891,2022-04-25 19:00:00+00:00,D. England,Selhurst Park,London,Crystal Palace,Leeds,0,0,Draw,7,6,17,4,14,3,12,6,1,53%,2,0,2,432,325,75%,2,4,9,3,5,4,13,3,1,47%,2,0,7,392,271,69%,0,0,7.0,6.0,3.0,2.0,1.0,2.0,8.5,10.0,9.0,7.0,3.0,1.0,1.0,11.0
710919,2022-04-28 18:45:00+00:00,M. Dean,Old Trafford,Manchester,Manchester United,Chelsea,1,1,Draw,3,1,6,2,4,2,9,2,2,35%,0,0,5,345,272,79%,6,9,21,6,15,6,12,9,3,65%,1,0,2,628,556,89%,0,0,4.0,5.0,11.0,1.0,1.0,3.0,1.0,9.0,11.0,8.0,3.0,0.0,2.0,10.5
710900,2022-04-30 11:30:00+00:00,A. Marriner,St. James' Park,Newcastle upon Tyne,Newcastle,Liverpool,0,1,Away Win,2,1,4,1,0,4,11,0,9,34%,1,0,9,274,176,64%,10,10,24,4,17,7,11,6,1,66%,3,0,2,528,442,84%,0,0,12.0,8.0,6.0,4.0,0.0,1.0,13.0,13.0,12.0,2.0,4.0,1.0,0.0,18.0
710903,2022-04-30 14:00:00+00:00,C. Pawson,Vicarage Road,Watford,Watford,Burnley,1,2,Away Win,1,9,13,3,9,4,13,5,1,47%,1,0,4,334,213,64%,6,5,17,6,12,5,9,6,0,53%,2,0,1,396,269,68%,0,0,3.0,4.0,13.0,1.0,0.0,4.0,-1.5,10.0,7.0,5.0,3.0,1.0,1.0,11.0
710905,2022-04-30 14:00:00+00:00,S. Hooper,Molineux Stadium,"Wolverhampton, West Midlands",Wolves,Brighton,0,3,Away Win,1,5,11,5,6,5,6,7,1,49%,2,0,6,458,377,82%,9,4,17,4,9,8,4,3,1,51%,1,0,1,479,396,83%,0,0,6.0,5.0,6.0,2.0,0.0,3.0,5.5,8.0,5.0,6.0,2.0,2.0,1.0,7.5
710901,2022-04-30 14:00:00+00:00,J. Gillett,St. Mary's Stadium,"Southampton, Hampshire",Southampton,Crystal Palace,1,2,Away Win,3,3,8,2,5,3,13,6,0,38%,1,0,3,326,221,68%,5,3,14,6,11,3,11,7,4,62%,3,0,2,529,436,82%,0,0,5.0,4.0,11.0,1.0,2.0,2.0,1.5,5.0,4.0,3.0,1.0,2.0,2.0,5.5
710896,2022-04-30 14:00:00+00:00,J. Brooks,Villa Park,Birmingham,Aston Villa,Norwich,2,0,Home Win,6,8,21,7,16,5,16,2,3,45%,4,0,3,398,317,80%,3,6,9,0,4,5,8,3,0,55%,1,0,4,491,402,82%,0,0,1.0,2.0,9.0,0.0,1.0,4.0,-2.5,4.0,5.0,8.0,1.0,1.0,3.0,2.5
710898,2022-04-30 16:30:00+00:00,P. Tierney,Elland Road,"Leeds, West Yorkshire",Leeds,Manchester City,0,4,Away Win,2,1,7,4,7,0,13,3,3,41%,1,0,2,421,329,78%,6,6,19,7,13,6,3,6,1,59%,2,0,1,617,547,89%,0,0,11.0,9.0,4.0,3.0,2.0,0.0,13.5,11.0,12.0,3.0,3.0,2.0,0.0,15.5
710897,2022-05-01 13:00:00+00:00,K. Friend,Goodison Park,Liverpool,Everton,Chelsea,1,0,Home Win,4,4,9,1,6,3,9,3,0,22%,3,0,5,197,116,59%,5,7,17,5,11,6,12,8,2,78%,5,0,3,720,637,88%,0,0,4.0,5.0,8.0,1.0,1.0,3.0,2.5,7.0,11.0,9.0,2.0,1.0,2.0,8.0
710902,2022-05-01 13:00:00+00:00,J. Moss,Tottenham Hotspur Stadium,London,Tottenham,Leicester,3,1,Home Win,7,4,13,2,10,3,13,6,2,39%,2,0,1,404,325,80%,2,3,6,1,3,3,8,3,0,61%,3,0,4,627,542,86%,0,0,10.0,12.0,3.0,3.0,1.0,1.0,14.5,6.0,5.0,5.0,1.0,3.0,1.0,6.0
710904,2022-05-01 15:30:00+00:00,M. Dean,London Stadium,London,West Ham,Arsenal,1,2,Away Win,3,1,8,4,7,1,8,3,1,57%,2,0,5,586,503,86%,7,4,13,2,7,6,9,7,0,43%,2,0,2,454,377,83%,0,0,4.0,4.0,8.0,1.0,1.0,3.0,2.0,6.0,8.0,9.0,2.0,0.0,3.0,5.5
710899,2022-05-02 19:00:00+00:00,C. Kavanagh,Old Trafford,Manchester,Manchester United,Brentford,3,0,Home Win,5,3,9,1,6,3,4,3,3,64%,1,0,4,714,651,91%,4,5,12,3,7,5,6,8,2,36%,0,0,3,376,309,82%,0,0,4.0,5.0,11.0,1.0,1.0,3.0,1.0,10.0,9.0,4.0,3.0,1.0,1.0,12.5
710907,2022-05-07 14:00:00+00:00,M. Salisbury,Brentford Community Stadium,"Brentford, Middlesex",Brentford,Southampton,3,0,Home Win,5,8,18,5,14,4,12,4,0,40%,0,0,4,321,231,72%,4,10,19,5,12,7,9,7,2,60%,1,0,2,470,376,80%,0,0,10.0,8.0,5.0,3.0,1.0,1.0,11.5,4.0,4.0,12.0,1.0,1.0,3.0,0.0
710911,2022-05-07 14:00:00+00:00,G. Scott,Selhurst Park,London,Crystal Palace,Watford,1,0,Home Win,7,4,15,4,12,3,11,8,2,68%,2,0,1,533,454,85%,1,2,6,3,3,3,18,5,0,32%,3,1,6,248,173,70%,0,0,7.0,6.0,4.0,2.0,1.0,2.0,8.0,0.0,3.0,14.0,0.0,0.0,5.0,-5.5
710909,2022-05-07 14:00:00+00:00,D. Coote,Turf Moor,Burnley,Burnley,Aston Villa,1,3,Away Win,6,7,14,1,9,5,13,4,1,49%,1,0,4,424,331,78%,7,2,12,3,8,4,11,5,2,51%,2,0,5,446,356,80%,0,0,10.0,6.0,4.0,3.0,1.0,1.0,11.0,4.0,3.0,7.0,1.0,1.0,3.0,2.0
710910,2022-05-07 14:00:00+00:00,P. Bankes,Stamford Bridge,London,Chelsea,Wolves,2,2,Draw,6,8,19,5,13,6,7,9,2,59%,1,0,2,493,423,86%,4,9,14,1,10,4,11,3,1,41%,3,0,4,332,260,78%,0,0,7.0,10.0,6.0,2.0,1.0,2.0,9.0,3.0,4.0,9.0,1.0,0.0,4.0,0.5
710908,2022-05-07 16:30:00+00:00,A. Madley,The American Express Community Stadium,"Falmer, East Sussex",Brighton,Manchester United,4,0,Home Win,6,7,17,4,13,4,13,7,3,42%,0,0,5,373,293,79%,5,7,15,3,8,7,9,6,3,58%,2,0,1,526,445,85%,0,0,10.0,8.0,6.0,3.0,1.0,1.0,11.0,7.0,8.0,10.0,2.0,1.0,2.0,6.0
710913,2022-05-07 18:45:00+00:00,M. Oliver,Anfield,Liverpool,Liverpool,Tottenham,1,1,Draw,3,6,22,13,9,13,12,11,0,65%,3,0,2,618,530,86%,3,2,8,3,5,3,8,5,0,35%,2,0,2,338,252,75%,0,0,13.0,11.0,2.0,4.0,1.0,0.0,17.5,10.0,12.0,3.0,3.0,1.0,1.0,14.5
710906,2022-05-08 13:00:00+00:00,C. Kavanagh,Emirates Stadium,London,Arsenal,Leeds,2,1,Home Win,9,8,19,2,15,4,13,8,1,63%,2,0,1,621,556,90%,2,0,3,1,2,1,15,2,0,37%,2,1,7,364,285,78%,0,0,9.0,10.0,7.0,3.0,0.0,2.0,10.5,8.0,7.0,7.0,2.0,2.0,1.0,8.0
710912,2022-05-08 13:00:00+00:00,C. Pawson,King Power Stadium,"Leicester, Leicestershire",Leicester,Everton,1,2,Away Win,9,6,16,1,9,7,11,6,2,66%,3,0,2,631,545,86%,4,3,10,3,8,2,6,1,0,34%,0,0,7,332,239,72%,0,0,5.0,5.0,7.0,1.0,2.0,2.0,4.0,7.0,5.0,6.0,2.0,1.0,2.0,6.5
710915,2022-05-08 13:00:00+00:00,R. Jones,Carrow Road,"Norwich, Norfolk",Norwich,West Ham,0,4,Away Win,2,2,8,4,3,5,7,9,2,37%,1,0,1,384,328,85%,5,3,13,5,10,3,7,5,3,63%,1,0,2,679,616,91%,0,0,4.0,4.0,8.0,1.0,1.0,3.0,2.0,4.0,4.0,7.0,1.0,1.0,3.0,2.5
710914,2022-05-08 15:30:00+00:00,S. Attwell,Etihad Stadium,Manchester,Manchester City,Newcastle,5,0,Home Win,9,8,21,4,14,7,6,8,1,71%,1,0,3,712,645,91%,3,3,7,1,5,2,11,2,4,29%,3,0,4,281,216,77%,0,0,13.0,16.0,3.0,4.0,1.0,0.0,19.5,12.0,7.0,2.0,4.0,0.0,1.0,14.5
710876,2022-05-10 19:00:00+00:00,J. Moss,Villa Park,Birmingham,Aston Villa,Liverpool,1,2,Away Win,4,5,9,0,7,2,10,2,3,39%,0,0,3,343,258,75%,6,8,17,3,11,6,12,3,2,61%,0,0,3,530,441,83%,0,0,7.0,6.0,7.0,2.0,1.0,2.0,6.5,11.0,10.0,3.0,3.0,2.0,0.0,14.5
710878,2022-05-11 18:30:00+00:00,A. Taylor,Elland Road,"Leeds, West Yorkshire",Leeds,Chelsea,0,3,Away Win,0,4,5,1,2,3,10,1,0,32%,1,1,0,379,298,79%,4,10,17,3,12,5,14,4,3,68%,0,0,0,817,742,91%,0,0,5.0,5.0,7.0,1.0,2.0,2.0,4.0,5.0,6.0,8.0,1.0,2.0,2.0,4.0
710854,2022-05-11 18:45:00+00:00,M. Dean,Vicarage Road,Watford,Watford,Everton,0,0,Draw,0,5,6,1,3,3,5,1,1,48%,1,0,5,470,385,82%,5,4,16,7,11,5,12,13,1,52%,2,0,0,488,386,79%,0,0,0.0,3.0,13.0,0.0,0.0,5.0,-5.0,10.0,5.0,4.0,3.0,1.0,1.0,10.5
710762,2022-05-11 18:45:00+00:00,S. Hooper,King Power Stadium,"Leicester, Leicestershire",Leicester,Norwich,3,0,Home Win,8,5,20,7,11,9,10,10,1,65%,0,0,5,640,573,90%,5,4,9,0,6,3,5,2,0,35%,0,0,5,354,285,81%,0,0,2.0,4.0,8.0,0.0,2.0,3.0,0.0,3.0,4.0,12.0,1.0,0.0,4.0,-1.0
710885,2022-05-11 19:15:00+00:00,M. Atkinson,Molineux Stadium,"Wolverhampton, West Midlands",Wolves,Manchester City,1,5,Away Win,3,3,7,1,5,2,2,6,2,34%,0,0,0,383,319,83%,5,9,15,1,12,3,11,2,3,66%,1,0,2,787,721,92%,0,0,4.0,4.0,8.0,1.0,1.0,3.0,2.0,13.0,19.0,3.0,4.0,1.0,0.0,21.0
710773,2022-05-12 18:45:00+00:00,P. Tierney,Tottenham Hotspur Stadium,London,Tottenham,Arsenal,3,0,Home Win,6,5,16,5,14,2,8,2,1,58%,1,0,4,561,502,89%,4,2,8,2,3,5,15,2,0,42%,5,1,3,412,352,85%,0,0,8.0,8.0,3.0,2.0,2.0,1.0,10.5,12.0,11.0,6.0,4.0,0.0,1.0,14.5
710922,2022-05-15 11:00:00+00:00,K. Friend,Tottenham Hotspur Stadium,London,Tottenham,Burnley,1,0,Home Win,8,7,21,6,12,9,12,8,1,68%,3,0,1,647,568,88%,1,6,8,1,7,1,8,2,2,32%,2,0,6,299,221,74%,0,0,8.0,7.0,3.0,2.0,2.0,1.0,10.0,10.0,7.0,5.0,3.0,1.0,1.0,11.0
710923,2022-05-15 13:00:00+00:00,J. Gillett,Vicarage Road,Watford,Watford,Leicester,1,5,Away Win,5,8,13,0,11,2,4,7,3,41%,0,0,2,351,273,78%,7,6,13,0,10,3,6,3,2,59%,1,0,4,526,449,85%,0,0,1.0,3.0,10.0,0.0,1.0,4.0,-2.5,5.0,6.0,6.0,1.0,2.0,2.0,5.0
710925,2022-05-15 13:00:00+00:00,T. Harrington,Molineux Stadium,"Wolverhampton, West Midlands",Wolves,Norwich,1,1,Draw,4,7,17,6,8,9,5,5,0,64%,0,0,1,613,546,89%,2,8,11,1,9,2,10,3,0,36%,3,0,3,350,268,77%,0,0,1.0,3.0,12.0,0.0,1.0,4.0,-3.5,0.0,2.0,15.0,0.0,0.0,5.0,-6.5
710924,2022-05-15 13:00:00+00:00,A. Taylor,London Stadium,London,West Ham,Manchester City,2,2,Draw,2,3,6,1,5,1,9,4,1,22%,3,0,7,189,123,65%,8,10,31,13,18,13,5,9,0,78%,1,0,0,696,634,91%,0,0,4.0,6.0,6.0,1.0,1.0,3.0,4.0,15.0,22.0,2.0,5.0,0.0,0.0,25.0
710918,2022-05-15 13:00:00+00:00,M. Dean,Elland Road,"Leeds, West Yorkshire",Leeds,Brighton,1,1,Draw,5,10,19,4,14,5,16,8,1,50%,3,0,5,394,276,70%,6,7,15,2,12,3,8,1,1,50%,2,0,3,403,298,74%,0,0,4.0,4.0,9.0,1.0,1.0,3.0,1.5,10.0,10.0,5.0,3.0,1.0,1.0,12.5
710916,2022-05-15 13:00:00+00:00,C. Kavanagh,Villa Park,Birmingham,Aston Villa,Crystal Palace,1,1,Draw,4,5,13,4,8,5,11,1,1,48%,1,0,3,464,382,82%,4,6,16,6,10,6,15,5,0,52%,3,0,3,486,409,84%,0,0,7.0,6.0,7.0,2.0,1.0,2.0,6.5,7.0,4.0,4.0,2.0,1.0,2.0,7.0
710917,2022-05-15 15:30:00+00:00,M. Oliver,Goodison Park,Liverpool,Everton,Brentford,2,3,Away Win,5,5,10,0,7,3,8,5,2,28%,0,2,4,212,143,67%,7,10,18,1,13,5,8,2,1,72%,3,0,3,586,500,85%,0,0,8.0,4.0,4.0,2.0,2.0,1.0,8.0,10.0,7.0,4.0,3.0,1.0,1.0,11.5
710920,2022-05-16 19:00:00+00:00,D. England,St. James' Park,Newcastle upon Tyne,Newcastle,Arsenal,2,0,Home Win,4,7,16,5,10,6,11,12,6,51%,0,0,2,325,260,80%,2,4,11,5,5,6,8,8,1,49%,3,0,3,332,258,78%,0,0,9.0,6.0,7.0,3.0,0.0,2.0,8.5,12.0,11.0,8.0,4.0,0.0,1.0,13.5
710921,2022-05-17 18:45:00+00:00,M. Atkinson,St. Mary's Stadium,"Southampton, Hampshire",Southampton,Liverpool,1,2,Away Win,2,0,4,2,1,3,6,1,0,29%,2,0,3,300,226,75%,5,10,24,9,12,12,6,9,2,71%,0,0,1,734,655,89%,0,0,4.0,4.0,9.0,1.0,1.0,3.0,1.5,13.0,10.0,2.0,4.0,1.0,0.0,17.0
710877,2022-05-19 18:45:00+00:00,A. Taylor,Goodison Park,Liverpool,Everton,Crystal Palace,3,2,Home Win,6,4,12,2,7,5,9,4,0,43%,2,0,3,340,240,71%,5,2,7,0,6,1,13,5,3,57%,3,0,3,460,358,78%,0,0,7.0,5.0,6.0,2.0,1.0,2.0,6.5,8.0,4.0,3.0,2.0,2.0,1.0,8.5
710726,2022-05-19 19:00:00+00:00,P. Tierney,Villa Park,Birmingham,Aston Villa,Burnley,1,1,Draw,9,7,22,6,12,10,11,13,1,71%,0,0,3,573,516,90%,4,2,10,4,7,3,20,6,0,29%,1,1,8,228,156,68%,0,0,8.0,7.0,4.0,2.0,2.0,1.0,9.5,9.0,6.0,5.0,3.0,0.0,2.0,9.5
710819,2022-05-19 19:00:00+00:00,S. Attwell,Stamford Bridge,London,Chelsea,Leicester,1,1,Draw,7,5,19,7,9,10,12,6,1,68%,4,0,0,741,689,93%,1,1,2,0,0,2,7,0,1,32%,1,0,6,360,283,79%,0,0,8.0,7.0,4.0,2.0,2.0,1.0,9.5,7.0,10.0,6.0,2.0,1.0,2.0,9.0
710933,2022-05-22 15:00:00+00:00,A. Taylor,Anfield,Liverpool,Liverpool,Wolves,3,1,Home Win,8,7,29,14,22,7,6,5,3,63%,1,0,4,669,593,89%,5,2,7,0,6,1,3,3,1,37%,0,0,4,400,323,81%,0,0,13.0,8.0,3.0,4.0,1.0,0.0,15.5,2.0,4.0,12.0,0.0,2.0,3.0,-2.0
710926,2022-05-22 15:00:00+00:00,A. Marriner,Emirates Stadium,London,Arsenal,Everton,5,1,Home Win,9,8,26,9,17,9,8,12,2,74%,0,0,1,647,582,90%,2,3,6,1,3,3,9,2,0,26%,1,0,4,234,152,65%,0,0,9.0,7.0,8.0,3.0,0.0,2.0,8.5,10.0,8.0,6.0,3.0,1.0,1.0,11.0
710929,2022-05-22 15:00:00+00:00,C. Pawson,Turf Moor,Burnley,Burnley,Newcastle,1,2,Away Win,5,4,12,3,9,3,8,8,5,51%,1,0,4,344,239,69%,6,2,8,0,5,3,9,2,0,49%,0,0,3,338,241,71%,0,0,7.0,5.0,6.0,2.0,1.0,2.0,6.5,9.0,6.0,6.0,3.0,0.0,2.0,9.0
710932,2022-05-22 15:00:00+00:00,J. Moss,King Power Stadium,"Leicester, Leicestershire",Leicester,Southampton,4,1,Home Win,6,4,12,2,10,2,10,3,1,51%,0,0,1,448,353,79%,2,5,7,0,5,2,5,3,3,49%,1,0,2,425,328,77%,0,0,7.0,11.0,7.0,2.0,1.0,2.0,9.0,1.0,4.0,11.0,0.0,1.0,4.0,-2.5
710930,2022-05-22 15:00:00+00:00,M. Dean,Stamford Bridge,London,Chelsea,Watford,2,1,Home Win,8,6,19,5,12,7,9,3,0,72%,0,0,2,734,665,91%,3,2,8,3,3,5,9,3,2,28%,0,0,6,281,209,74%,0,0,6.0,7.0,5.0,1.0,3.0,1.0,7.0,1.0,3.0,13.0,0.0,1.0,4.0,-4.0
710934,2022-05-22 15:00:00+00:00,M. Oliver,Etihad Stadium,Manchester,Manchester City,Aston Villa,3,2,Home Win,5,10,24,9,18,6,5,13,1,72%,0,0,0,601,529,88%,2,1,4,1,3,1,11,1,2,28%,2,0,2,243,163,67%,0,0,13.0,21.0,4.0,4.0,1.0,0.0,21.5,8.0,8.0,5.0,2.0,2.0,1.0,9.5
710928,2022-05-22 15:00:00+00:00,K. Friend,The American Express Community Stadium,"Falmer, East Sussex",Brighton,West Ham,3,1,Home Win,7,4,18,7,13,5,9,5,0,50%,1,0,1,489,403,82%,2,2,7,3,4,3,9,6,0,50%,1,0,4,480,391,81%,0,0,8.0,10.0,6.0,2.0,2.0,1.0,10.0,5.0,8.0,6.0,1.0,2.0,2.0,6.0
710931,2022-05-22 15:00:00+00:00,M. Atkinson,Selhurst Park,London,Crystal Palace,Manchester United,1,0,Home Win,3,3,6,0,5,1,12,3,2,38%,2,0,4,327,238,73%,4,2,10,4,6,4,22,6,4,62%,4,0,2,526,437,83%,0,0,8.0,6.0,5.0,2.0,2.0,1.0,8.5,4.0,5.0,12.0,1.0,1.0,3.0,0.5
710927,2022-05-22 15:00:00+00:00,P. Tierney,Brentford Community Stadium,"Brentford, Middlesex",Brentford,Leeds,1,2,Away Win,5,7,14,2,12,2,11,3,0,49%,4,1,4,412,319,77%,6,6,14,2,5,9,13,2,2,51%,1,0,4,438,326,74%,0,0,10.0,8.0,6.0,3.0,1.0,1.0,11.0,2.0,2.0,10.0,0.0,2.0,3.0,-2.0
710935,2022-05-22 15:00:00+00:00,C. Kavanagh,Carrow Road,"Norwich, Norfolk",Norwich,Tottenham,0,5,Away Win,0,5,9,4,6,3,13,3,0,40%,3,0,7,402,321,80%,13,4,19,2,14,5,7,2,4,60%,1,0,0,614,551,90%,0,0,1.0,1.0,13.0,0.0,1.0,4.0,-5.0,11.0,8.0,2.0,3.0,2.0,0.0,14.0
